FLOW_START_TIMESTAMP,attack_probability,prediction
1700073446.6374946,0.0214166,0
1700073449.160236,0.9885688,1
1700073451.3091834,0.9905793,1
1700073451.8087382,0.02151995,0
1700073452.6103427,0.021889424,0
1700073453.2178586,0.99067324,1
1700073458.961746,0.02353142,0
1700073461.404917,0.98953056,1
1700073461.7705462,0.99065393,1
1700073462.5307667,0.020724447,0
1700073462.9671164,0.02043952,0
1700073465.3091974,0.021221334,0
1700073467.4653766,0.022126,0
1700073471.075216,0.99074745,1
1700073473.7408664,0.022288943,0
1700073475.661235,0.021161683,0
1700073477.1124427,0.023706913,0
1700073479.2196074,0.024005122,0
1700073480.3985813,0.023417827,0
1700073483.6403823,0.024382966,0
1700073484.3807456,0.024410736,0
1700073486.2392795,0.02358166,0
1700073487.763218,0.06314628,0
1700073488.384714,0.02241361,0
1700073491.0354078,0.020256432,0
1700073491.951686,0.023379475,0
1700073493.4299128,0.98918825,1
1700073496.582369,0.023200102,0
1700073497.206588,0.02367751,0
1700073499.525247,0.9902654,1
1700073503.6479354,0.9891431,1
1700073506.8340952,0.020760724,0
1700073506.9764996,0.02137941,0
1700073507.3793616,0.022725755,0
1700073510.9469862,0.024672715,0
1700073511.8202658,0.023052799,0
1700073514.3751802,0.021185068,0
1700073520.5790348,0.97570395,1
1700073522.549235,0.029000135,0
1700073522.9469397,0.022557111,0
1700073523.0402546,0.15229538,0
1700073525.5099068,0.9897601,1
1700073527.0629056,0.020650333,0
1700073527.29494,0.034057558,0
1700073527.477565,0.024224004,0
1700073528.8740845,0.98793983,1
1700073529.493478,0.98940545,1
1700073529.8406854,0.023306916,0
1700073531.152706,0.023815334,0
1700073532.6484032,0.022847487,0
1700073538.3002288,0.9905172,1
1700073538.625789,0.9900601,1
1700073539.1279702,0.022925457,0
1700073540.2977974,0.022998067,0
1700073545.8222418,0.99049217,1
1700073546.469137,0.99000704,1
1700073546.5799303,0.027504452,0
1700073547.0254316,0.024805674,0
1700073551.6686409,0.02221794,0
1700073554.461554,0.025407031,0
1700073556.6570697,0.02097057,0
1700073561.0114522,0.12227238,0
1700073561.7861054,0.9885866,1
1700073562.032389,0.022934921,0
1700073563.6413617,0.990283,1
1700073563.7175157,0.025109574,0
1700073566.0174944,0.026074503,0
1700073569.6193674,0.024139037,0
1700073570.743193,0.025188692,0
1700073571.2765825,0.022937007,0
1700073572.7077117,0.026975626,0
1700073573.2902317,0.023810534,0
1700073573.4803312,0.025108509,0
1700073573.8418148,0.3869985,0
1700073574.2361355,0.023964772,0
1700073575.0824423,0.022133734,0
1700073578.1270564,0.025469488,0
1700073581.931563,0.02352859,0
1700073582.4442458,0.022198517,0
1700073582.6811855,0.022700068,0
1700073583.8141017,0.021399684,0
1700073585.239421,0.9904294,1
1700073586.1137862,0.9892167,1
1700073586.6424365,0.024773633,0
1700073587.01224,0.98902273,1
1700073587.433897,0.02126398,0
1700073589.1251526,0.023593077,0
1700073590.0596397,0.022925328,0
1700073591.6350317,0.13166839,0
1700073591.8580947,0.99022406,1
1700073592.5587697,0.022848241,0
1700073596.2681923,0.02439188,0
1700073605.0677438,0.022136146,0
1700073607.6208217,0.023198038,0
1700073607.8866656,0.024380364,0
1700073607.947739,0.02345186,0
1700073608.401522,0.02320474,0
1700073610.0813615,0.022007877,0
1700073610.693789,0.022752963,0
1700073611.088095,0.024579305,0
1700073611.8815806,0.02551495,0
1700073614.1487725,0.024005357,0
1700073615.5036805,0.68746245,1
1700073617.6355145,0.022279017,0
1700073618.660205,0.02182829,0
1700073621.3339443,0.98955053,1
1700073625.5083623,0.99069715,1
1700073625.547685,0.0209354,0
1700073626.5573974,0.24557653,0
1700073628.5748131,0.021881372,0
1700073637.6920836,0.022584874,0
1700073640.7276747,0.02517905,0
1700073644.9276984,0.022647135,0
1700073645.5716145,0.023596367,0
1700073646.024922,0.022510393,0
1700073650.0667045,0.9893602,1
1700073650.4587548,0.023053035,0
1700073651.5868683,0.023453608,0
1700073652.3556376,0.02105571,0
1700073664.8327274,0.020981945,0
1700073666.7299268,0.9866542,1
1700073667.9475353,0.02442568,0
1700073669.3184395,0.98893785,1
1700073670.4791846,0.0246681,0
1700073671.0852818,0.023008244,0
1700073674.3816092,0.023666209,0
1700073675.797047,0.02451515,0
1700073676.9435828,0.024424901,0
1700073677.2104528,0.027065096,0
1700073678.3129988,0.024794303,0
1700073679.9499557,0.25108063,0
1700073680.2514195,0.02822711,0
1700073680.9769106,0.024443218,0
1700073681.069939,0.9904055,1
1700073682.597921,0.023761842,0
1700073683.320068,0.025140421,0
1700073684.0757644,0.029531814,0
1700073684.606466,0.025052946,0
1700073684.8357594,0.0253474,0
1700073686.0496287,0.9875622,1
1700073686.6090772,0.028169159,0
1700073690.0035794,0.027417937,0
1700073690.2934449,0.028348079,0
1700073693.21676,0.026255453,0
1700073693.265419,0.99035585,1
1700073693.3670402,0.99034685,1
1700073693.7961166,0.025859581,0
1700073694.7213647,0.026755445,0
1700073698.0468693,0.027122552,0
1700073700.420205,0.025288846,0
1700073700.5454836,0.027045228,0
1700073703.55995,0.02550341,0
1700073707.1097286,0.025897363,0
1700073707.7747767,0.9903661,1
1700073708.369507,0.027221173,0
1700073709.4865022,0.023579085,0
1700073710.7340598,0.9902422,1
1700073717.1633797,0.99033594,1
1700073720.3604958,0.024433197,0
1700073722.5989966,0.990274,1
1700073723.968258,0.03181798,0
1700073725.2157214,0.9420878,1
1700073725.227949,0.9902653,1
1700073726.3085182,0.025165671,0
1700073731.8114643,0.026240297,0
1700073732.5738738,0.024429997,0
1700073733.9515738,0.9904041,1
1700073737.4365604,0.99035686,1
1700073739.321854,0.9903052,1
1700073741.471145,0.026359098,0
1700073746.4247224,0.028447056,0
1700073746.7803953,0.026739229,0
1700073747.1796064,0.024370905,0
1700073747.552629,0.026186893,0
1700073752.3276663,0.025320925,0
1700073753.2498684,0.027034663,0
1700073755.145965,0.027012836,0
1700073759.0366392,0.026198164,0
1700073763.843419,0.5050392,1
1700073767.2986262,0.025888834,0
1700073771.8147614,0.030534446,0
1700073772.00903,0.024387144,0
1700073773.8563354,0.025087764,0
1700073777.0536978,0.02636975,0
1700073780.1046145,0.027853154,0
1700073781.9870996,0.026558567,0
1700073782.6554768,0.9902839,1
1700073783.7575264,0.026663667,0
1700073785.0258331,0.026434574,0
1700073787.1590097,0.9900709,1
1700073787.1846385,0.026486514,0
1700073788.7177591,0.027228039,0
1700073797.7386851,0.9903308,1
1700073798.828776,0.025316346,0
1700073803.658565,0.026475998,0
1700073804.142589,0.02860354,0
1700073805.981317,0.03235645,0
1700073806.2645783,0.02541751,0
1700073806.688171,0.025494624,0
1700073808.7049427,0.025552489,0
1700073811.916774,0.025250198,0
1700073812.048864,0.025879951,0
1700073813.159724,0.026183974,0
1700073818.2712686,0.9903927,1
1700073820.5551174,0.030418895,0
1700073822.4888356,0.024644507,0
1700073823.63333,0.02578026,0
1700073824.6919668,0.02398991,0
1700073827.875739,0.023718521,0
1700073828.726751,0.03434213,0
1700073833.3329651,0.026106315,0
1700073835.2304423,0.024605455,0
1700073836.8644128,0.99037606,1
1700073837.3195236,0.025682338,0
1700073838.7527905,0.027571857,0
1700073842.8232355,0.025338912,0
1700073843.809493,0.027474323,0
1700073848.0559125,0.027391728,0
1700073848.4615598,0.031987917,0
1700073849.951366,0.03434064,0
1700073850.8751855,0.028807929,0
1700073851.885746,0.9904218,1
1700073852.9436882,0.029473878,0
1700073855.0110917,0.030588582,0
1700073859.626248,0.02530294,0
1700073861.4100018,0.025547275,0
1700073865.4212012,0.03506885,0
1700073865.9206057,0.024648108,0
1700073866.394651,0.028029025,0
1700073866.9605558,0.026351688,0
1700073867.079777,0.0312774,0
1700073870.7875526,0.02545602,0
1700073870.9536707,0.025523772,0
1700073871.1518009,0.9903993,1
1700073873.045045,0.9903413,1
1700073873.9822888,0.026567532,0
1700073874.0011992,0.03150306,0
1700073875.2346256,0.02407435,0
1700073876.1530626,0.027209712,0
1700073877.5883212,0.48194644,0
1700073880.8017566,0.9904593,1
1700073883.7842042,0.026072579,0
1700073884.364359,0.049998578,0
1700073884.662202,0.025465112,0
1700073890.4535067,0.9902912,1
1700073893.1078703,0.08010038,0
1700073893.136871,0.9904143,1
1700073895.3117473,0.99061173,1
1700073897.1961603,0.51603884,1
1700073897.6893764,0.023992196,0
1700073901.6260283,0.026308639,0
1700073904.0262668,0.022429701,0
1700073905.3345208,0.023855884,0
1700073906.7092173,0.99002844,1
1700073907.378872,0.025950883,0
1700073907.4744918,0.36761433,0
1700073908.9626875,0.9899967,1
1700073910.5080445,0.98945916,1
1700073910.9385917,0.99000424,1
1700073911.4916103,0.025030289,0
1700073913.0202007,0.025680065,0
1700073913.9477627,0.023942985,0
1700073914.1911664,0.02457562,0
1700073914.9439857,0.026909309,0
1700073914.9541247,0.02692112,0
1700073917.6014946,0.035225313,0
1700073918.4338768,0.03790821,0
1700073920.2273629,0.027450329,0
1700073924.140079,0.024914142,0
1700073924.2429192,0.02738727,0
1700073925.0140102,0.025169883,0
1700073927.277584,0.024685407,0
1700073927.776426,0.042629328,0
1700073933.3439713,0.030023921,0
1700073933.6255574,0.98992455,1
1700073937.2386737,0.030533712,0
1700073937.9123943,0.7022229,1
1700073938.0489855,0.025474185,0
1700073938.5080233,0.028433714,0
1700073938.5795095,0.98967147,1
1700073939.8258092,0.024582308,0
1700073940.869581,0.9900864,1
1700073942.4602854,0.028232746,0
1700073945.7198,0.36275795,0
1700073946.0495694,0.02707668,0
1700073947.098016,0.028392369,0
1700073947.5898032,0.03671064,0
1700073948.1128674,0.024556497,0
1700073949.7216153,0.02555234,0
1700073951.8715131,0.025986416,0
1700073955.3413088,0.56419176,1
1700073955.721217,0.02728603,0
1700073958.475377,0.03490115,0
1700073961.0420165,0.027701007,0
1700073961.14046,0.9900726,1
1700073965.5342808,0.026720788,0
1700073966.2869985,0.99001944,1
1700073970.921232,0.025436336,0
1700073975.280847,0.9900793,1
1700073975.9179475,0.030324439,0
1700073979.6565585,0.028167669,0
1700073980.678756,0.027927952,0
1700073982.0090544,0.029168677,0
1700073983.0079143,0.026857264,0
1700073983.59019,0.027331823,0
1700073983.655385,0.02819666,0
1700073985.6136923,0.9897221,1
1700073987.6482084,0.98996675,1
1700073987.9794278,0.98998296,1
1700073988.1424248,0.025801487,0
1700073989.4497244,0.026832057,0
1700073989.7083006,0.99024254,1
1700073991.7234888,0.027586702,0
1700073997.626813,0.9900793,1
1700073997.7495968,0.02778247,0
1700073998.3963926,0.9898949,1
1700073999.9796278,0.9901265,1
1700074000.5922666,0.026411746,0
1700074002.375155,0.9889115,1
1700074005.6369586,0.025845448,0
1700074006.9543362,0.024347996,0
1700074008.0276072,0.10546372,0
1700074009.1972198,0.059228234,0
1700074010.5859523,0.3139488,0
1700074010.9920764,0.025661714,0
1700074012.2599945,0.025151853,0
1700074013.3035054,0.98969704,1
1700074013.506013,0.9887074,1
1700074013.5967448,0.025572924,0
1700074014.0328722,0.024670934,0
1700074014.447846,0.033266105,0
1700074015.1649294,0.03462457,0
1700074015.193366,0.98995274,1
1700074015.7102258,0.029085685,0
1700074018.673307,0.026745385,0
1700074020.3615613,0.98988813,1
1700074020.3716578,0.025582382,0
1700074022.355415,0.19810183,0
1700074023.1861284,0.028150328,0
1700074027.1943412,0.026424775,0
1700074028.709832,0.071840934,0
1700074031.796264,0.024362737,0
1700074033.678431,0.025229087,0
1700074036.5295022,0.0256783,0
1700074037.662295,0.03208591,0
1700074038.617814,0.027948264,0
1700074040.527763,0.9896672,1
1700074047.01043,0.040544923,0
1700074049.9565237,0.024467023,0
1700074050.5290444,0.024465902,0
1700074055.224177,0.38221085,0
1700074055.6765535,0.9893339,1
1700074055.8551586,0.023607735,0
1700074056.349071,0.024428267,0
1700074056.3949888,0.9900023,1
1700074059.763512,0.98969495,1
1700074061.022194,0.023607967,0
1700074063.2534022,0.9897578,1
1700074065.808903,0.02365923,0
1700074066.604001,0.99034894,1
1700074066.6183896,0.023069954,0
1700074067.2268715,0.023420742,0
1700074074.1116362,0.025674704,0
1700074075.812539,0.023624051,0
1700074078.3171775,0.023292022,0
1700074078.3525496,0.024031756,0
1700074079.0248227,0.02371677,0
1700074079.1552105,0.18949185,0
1700074080.1304502,0.024831947,0
1700074083.819933,0.08443254,0
1700074084.822088,0.024724774,0
1700074090.632377,0.026791802,0
1700074090.833487,0.025824782,0
1700074094.2225409,0.023901463,0
1700074094.4383368,0.022938935,0
1700074094.9728515,0.023824882,0
1700074096.950376,0.024195962,0
1700074098.9375803,0.024168508,0
1700074099.7377305,0.02631862,0
1700074101.27708,0.023850106,0
1700074101.6963463,0.9906978,1
1700074101.894843,0.053482063,0
1700074104.9418848,0.064124934,0
1700074104.9964676,0.12469676,0
1700074106.733435,0.024931818,0
1700074108.170449,0.9894035,1
1700074108.3684423,0.023721425,0
1700074109.5575168,0.0239374,0
1700074114.596791,0.98990834,1
1700074114.661481,0.9906098,1
1700074115.1865242,0.12506203,0
1700074117.3392563,0.022927843,0
1700074120.6990674,0.0844499,0
1700074120.9910035,0.02373707,0
1700074120.9947844,0.025580125,0
1700074126.3105135,0.98945564,1
1700074126.9063854,0.023226019,0
1700074129.0387435,0.02436751,0
1700074130.3072343,0.027739562,0
1700074137.5828562,0.02656258,0
1700074138.865006,0.03808736,0
1700074141.1133912,0.82326114,1
1700074143.5185,0.026532704,0
1700074146.535498,0.024130298,0
1700074147.6569324,0.024317147,0
1700074148.3607814,0.03712468,0
1700074148.4303432,0.022502381,0
1700074148.5264523,0.02908325,0
1700074150.1338737,0.026023237,0
1700074152.1268144,0.030884614,0
1700074156.1408772,0.02339373,0
1700074156.669077,0.98971236,1
1700074162.718988,0.027270023,0
1700074164.1574106,0.98975134,1
1700074165.11945,0.025147423,0
1700074167.3977702,0.98997,1
1700074169.2627068,0.026541756,0
1700074170.143484,0.02363424,0
1700074170.7941158,0.04762882,0
1700074170.94625,0.989305,1
1700074171.4551888,0.025608106,0
1700074172.2435534,0.026393324,0
1700074173.4829323,0.02550708,0
1700074176.8057084,0.27252603,0
1700074177.619711,0.99006325,1
1700074177.765457,0.025255546,0
1700074179.8393378,0.023428138,0
1700074180.4564466,0.98952895,1
1700074180.6374495,0.02572455,0
1700074183.2805333,0.024420844,0
1700074185.2244534,0.026676903,0
1700074187.475096,0.035763804,0
1700074191.8509178,0.025773276,0
1700074195.8573492,0.9898571,1
1700074197.395712,0.023376245,0
1700074197.8798878,0.02742578,0
1700074201.787146,0.025452016,0
1700074202.355155,0.9903548,1
1700074202.539291,0.023780948,0
1700074203.3377616,0.99061006,1
1700074207.2644403,0.9892832,1
1700074212.037994,0.024843369,0
1700074212.1605952,0.052449908,0
1700074213.3483644,0.028614828,0
1700074216.2560697,0.024885014,0
1700074220.0116992,0.025672365,0
1700074221.1688943,0.030900462,0
1700074223.5480478,0.025611738,0
1700074226.749202,0.03943085,0
1700074228.2450037,0.030126374,0
1700074228.6554005,0.031371273,0
1700074233.44724,0.024394633,0
1700074234.8040264,0.024173606,0
1700074237.8337915,0.023005025,0
1700074241.6639342,0.025823925,0
1700074241.832274,0.091394104,0
1700074241.9220617,0.024333054,0
1700074242.3562045,0.023442935,0
1700074245.25492,0.9904435,1
1700074246.3364265,0.9866984,1
1700074246.5125098,0.02460263,0
1700074247.971226,0.98925287,1
1700074251.0153866,0.022534557,0
1700074255.2412589,0.024817143,0
1700074256.5569096,0.024015587,0
1700074257.5823302,0.9904268,1
1700074257.637054,0.024471773,0
1700074257.7287393,0.9903746,1
1700074258.4882886,0.23671402,0
1700074259.3140757,0.9900423,1
1700074260.135864,0.03827803,0
1700074262.4814365,0.028850472,0
1700074262.9923298,0.026768219,0
1700074265.0443804,0.02337748,0
1700074265.303372,0.99065137,1
1700074266.655924,0.025003646,0
1700074267.8874114,0.028822761,0
1700074270.931676,0.99037325,1
1700074272.8232868,0.021903386,0
1700074274.785305,0.026233105,0
1700074276.8210914,0.027137287,0
1700074278.9401393,0.99046236,1
1700074283.0632937,0.024670366,0
1700074283.3843768,0.9902153,1
1700074283.429773,0.54131305,1
1700074283.582463,0.023770027,0
1700074284.9459448,0.028557537,0
1700074286.3890045,0.027695302,0
1700074286.5999238,0.99017185,1
1700074289.822269,0.9902282,1
1700074294.0127969,0.023101745,0
1700074294.583186,0.027667558,0
1700074296.1151109,0.026124446,0
1700074297.694818,0.02383974,0
1700074298.4373262,0.024340605,0
1700074298.5708454,0.03317491,0
1700074301.2929182,0.9905049,1
1700074302.1051846,0.024431221,0
1700074302.687508,0.030190662,0
1700074306.5747993,0.022756107,0
1700074309.2973154,0.02463234,0
1700074309.310191,0.9906035,1
1700074311.1362357,0.06994265,0
1700074311.8485198,0.023507318,0
1700074312.6515632,0.1767325,0
1700074316.9196637,0.024277383,0
1700074317.5583584,0.9902469,1
1700074318.5646112,0.038293183,0
1700074324.77117,0.026675582,0
1700074325.7580526,0.023136972,0
1700074326.1901088,0.13574392,0
1700074326.4035132,0.025418302,0
1700074328.837656,0.02256224,0
1700074330.6710577,0.027875671,0
1700074332.9353385,0.023902917,0
1700074333.1924603,0.024550468,0
1700074343.7292132,0.024017515,0
1700074347.2556694,0.024444625,0
1700074348.0365365,0.02271913,0
1700074349.146958,0.026165215,0
1700074351.022468,0.02505071,0
1700074353.743587,0.02344652,0
1700074355.251119,0.027840124,0
1700074355.913175,0.09835713,0
1700074356.7612336,0.026801474,0
1700074357.1661568,0.02478294,0
1700074359.0643892,0.025390826,0
1700074360.4841015,0.024842447,0
1700074361.2006257,0.02606974,0
1700074362.487609,0.9889966,1
1700074364.8540704,0.99020666,1
1700074366.0012095,0.028069532,0
1700074366.0382698,0.023873491,0
1700074367.4736104,0.02873778,0
1700074367.70516,0.023727361,0
1700074367.817146,0.025887037,0
1700074371.255454,0.024564283,0
1700074372.0906618,0.9902294,1
1700074373.1510148,0.025356865,0
1700074373.994617,0.023138817,0
1700074374.684203,0.99030054,1
1700074374.723186,0.031243445,0
1700074375.3607635,0.02495783,0
1700074376.1287153,0.02469537,0
1700074379.0863297,0.025862982,0
1700074380.4109352,0.032236196,0
1700074383.3022969,0.027853576,0
1700074387.0855112,0.9901563,1
1700074389.2554407,0.0255153,0
1700074390.7507024,0.029244555,0
1700074390.8098814,0.02431364,0
1700074393.077314,0.024270203,0
1700074393.3095274,0.027914863,0
1700074398.4691703,0.9902085,1
1700074400.6114552,0.023429243,0
1700074400.709052,0.025139604,0
1700074401.5751386,0.023109406,0
1700074406.0622647,0.023762677,0
1700074407.0770292,0.98990005,1
1700074409.681591,0.025345162,0
1700074412.7756338,0.024639763,0
1700074420.0437143,0.9902666,1
1700074420.1497328,0.037061762,0
1700074420.3351452,0.02930416,0
1700074420.7148178,0.022975367,0
1700074425.8947284,0.02564752,0
1700074431.580276,0.024688475,0
1700074435.5409737,0.025596848,0
1700074439.6928685,0.10206329,0
1700074442.5950155,0.023592155,0
1700074443.185587,0.039360978,0
1700074445.6441507,0.030957473,0
1700074447.3059423,0.024935722,0
1700074447.6574106,0.04243903,0
1700074449.3455477,0.9902249,1
1700074450.3705566,0.022594951,0
1700074453.0921464,0.02558109,0
1700074453.6708567,0.9897367,1
1700074454.4920578,0.9900315,1
1700074457.510708,0.024362221,0
1700074457.982307,0.027777165,0
1700074458.1496525,0.024848655,0
1700074458.6032157,0.023962082,0
1700074460.268186,0.026521934,0
1700074461.28037,0.027378282,0
1700074464.1382124,0.9900462,1
1700074464.6143107,0.024860261,0
1700074467.2844825,0.026798297,0
1700074467.9253914,0.9898594,1
1700074467.968653,0.045116536,0
1700074468.9995856,0.025947485,0
1700074469.0469184,0.026501466,0
1700074470.4260411,0.99068356,1
1700074470.6420102,0.026360486,0
1700074472.3237934,0.99038213,1
1700074473.1265135,0.9900587,1
1700074479.953291,0.032864653,0
1700074483.2999978,0.98993474,1
1700074484.889449,0.028593963,0
1700074485.3946917,0.027229572,0
1700074486.7324083,0.98988837,1
1700074486.8073852,0.9903437,1
1700074487.3848393,0.030838922,0
1700074488.0252435,0.027499763,0
1700074489.4865663,0.07883404,0
1700074491.842444,0.990393,1
1700074492.9592867,0.025614444,0
1700074499.3834386,0.025894936,0
1700074501.7122965,0.02533107,0
1700074503.9322166,0.99046654,1
1700074504.7028885,0.028433042,0
1700074506.67046,0.64823234,1
1700074510.4347506,0.037490718,0
1700074513.3578827,0.045781013,0
1700074514.0035152,0.031896662,0
1700074514.2541487,0.02658226,0
1700074514.8371608,0.024855224,0
1700074516.2908278,0.02397058,0
1700074517.9846694,0.9905663,1
1700074518.987898,0.98980474,1
1700074521.8676708,0.99012285,1
1700074522.574299,0.024758682,0
1700074526.4953015,0.025284966,0
1700074528.117656,0.9903644,1
1700074528.298144,0.026276728,0
1700074530.4272351,0.07653852,0
1700074531.930527,0.024921186,0
1700074540.5545173,0.02540648,0
1700074541.564448,0.024093626,0
1700074547.8029437,0.041069657,0
1700074549.7536688,0.026375666,0
1700074549.818267,0.030012643,0
1700074553.7600205,0.026005711,0
1700074553.8708618,0.025480999,0
1700074554.582523,0.026688391,0
1700074557.5756571,0.025701541,0
1700074559.245205,0.08233631,0
1700074568.779339,0.026845863,0
1700074569.6898522,0.025104167,0
1700074575.123798,0.99037254,1
1700074575.5452542,0.9901445,1
1700074577.615622,0.024602033,0
1700074577.6508956,0.9902014,1
1700074578.143891,0.027569316,0
1700074580.868583,0.02606647,0
1700074585.0993974,0.99010205,1
1700074586.813416,0.029834522,0
1700074589.7344837,0.024450121,0
1700074591.5125978,0.022883935,0
1700074592.1172788,0.025769692,0
1700074592.6536796,0.027887424,0
1700074592.9698918,0.024751678,0
1700074594.5471652,0.025441006,0
1700074604.000877,0.026307309,0
1700074605.851907,0.0247763,0
1700074607.6278272,0.9900475,1
1700074609.1466167,0.02552774,0
1700074610.5441504,0.025279587,0
1700074611.3888192,0.989915,1
1700074612.096317,0.026172567,0
1700074615.771032,0.16341288,0
1700074616.7081623,0.030875482,0
1700074619.4105065,0.026295017,0
1700074619.7074454,0.029230231,0
1700074620.218654,0.9895328,1
1700074621.4159954,0.027570857,0
1700074623.3722165,0.054482765,0
1700074624.3268263,0.023320992,0
1700074624.5194714,0.028623978,0
1700074627.0380747,0.026045548,0
1700074628.1986115,0.025088564,0
1700074631.8042548,0.023956945,0
1700074633.0955205,0.061410043,0
1700074633.1427166,0.023839554,0
1700074635.039485,0.026957357,0
1700074635.2544863,0.023509277,0
1700074639.3893464,0.025824735,0
1700074640.4398005,0.025082424,0
1700074641.3491993,0.9882272,1
1700074642.090401,0.19793908,0
1700074642.1719785,0.18786718,0
1700074642.658126,0.038211346,0
1700074645.2090075,0.023370769,0
1700074647.670757,0.028367687,0
1700074654.6498702,0.025909081,0
1700074658.0263634,0.024774933,0
1700074658.4820042,0.9899317,1
1700074659.4614272,0.025302425,0
1700074661.839421,0.98970044,1
1700074662.1405962,0.9899345,1
1700074664.2194011,0.024223348,0
1700074665.3161085,0.024286462,0
1700074666.0024445,0.02656053,0
1700074667.9925113,0.024548534,0
1700074675.5722036,0.9900564,1
1700074678.555974,0.024061713,0
1700074679.7878478,0.02471938,0
1700074680.1204426,0.9898837,1
1700074681.8686666,0.024325032,0
1700074683.0623927,0.9898733,1
1700074683.529415,0.025819676,0
1700074683.7790496,0.02602706,0
1700074685.4333642,0.08341773,0
1700074686.4953792,0.990153,1
1700074687.043218,0.024504209,0
1700074687.9725173,0.023600778,0
1700074688.1887605,0.99034727,1
1700074689.495711,0.024939071,0
1700074691.115017,0.024995359,0
1700074691.6191573,0.024250422,0
1700074691.969872,0.024473991,0
1700074692.9748983,0.025482666,0
1700074693.641481,0.02505381,0
1700074696.527817,0.024301996,0
1700074696.652676,0.0262352,0
1700074697.6415434,0.02332353,0
1700074699.5941734,0.024207348,0
1700074707.43322,0.032150347,0
1700074712.5157866,0.027572442,0
1700074714.9608593,0.99044716,1
1700074715.121703,0.026654499,0
1700074715.7698536,0.02545022,0
1700074717.9253888,0.02686101,0
1700074718.9772537,0.02635356,0
1700074719.2033217,0.023996597,0
1700074721.6251042,0.023850877,0
1700074723.1431024,0.02529052,0
1700074723.728775,0.9897283,1
1700074725.924355,0.023696586,0
1700074726.430783,0.024245756,0
1700074726.6481962,0.024016399,0
1700074726.9459789,0.02551702,0
1700074729.760096,0.023122154,0
1700074731.080186,0.9902582,1
1700074731.5055172,0.024641344,0
1700074731.754279,0.022817563,0
1700074733.5901284,0.027643925,0
1700074734.455624,0.025260856,0
1700074734.9815483,0.024850318,0
1700074736.882404,0.030085487,0
1700074739.2750306,0.027228596,0
1700074739.3733351,0.98993474,1
1700074739.6635935,0.99003416,1
1700074744.489473,0.9898386,1
1700074746.442105,0.025314262,0
1700074752.1045914,0.02504561,0
1700074752.4521832,0.024600532,0
1700074752.663775,0.039442483,0
1700074753.199188,0.0250691,0
1700074754.895424,0.02446952,0
1700074756.3206668,0.025143448,0
1700074757.16936,0.02466633,0
1700074757.462525,0.02475867,0
1700074758.0045135,0.025340864,0
1700074758.89141,0.024596045,0
1700074759.8340917,0.023219777,0
1700074760.8911128,0.12476813,0
1700074764.659922,0.02489521,0
1700074768.2596862,0.8319854,1
1700074771.421963,0.030219771,0
1700074772.049291,0.99037665,1
1700074776.7179062,0.98991394,1
1700074779.1538422,0.024020225,0
1700074780.137149,0.027029447,0
1700074780.9285862,0.9902929,1
1700074782.1134768,0.026462188,0
1700074782.470373,0.98968226,1
1700074790.0576017,0.026830321,0
1700074791.5141113,0.026065394,0
1700074797.125801,0.024773,0
1700074798.618513,0.023655174,0
1700074800.1165776,0.026040766,0
1700074800.965302,0.024474928,0
1700074805.5098083,0.02715236,0
1700074806.5190885,0.023997298,0
1700074808.0085917,0.078268774,0
1700074808.2334936,0.024383891,0
1700074808.4090345,0.024278412,0
1700074809.5459194,0.067644596,0
1700074811.1801283,0.9904157,1
1700074811.4102335,0.023534454,0
1700074817.7877083,0.024600383,0
1700074819.762473,0.023853019,0
1700074820.0383797,0.025784047,0
1700074824.1436062,0.025184365,0
1700074824.8021662,0.9901675,1
1700074826.144116,0.02569259,0
1700074826.3139772,0.032071415,0
1700074828.4473262,0.99007165,1
1700074834.0984037,0.029284997,0
1700074834.207186,0.026590664,0
1700074834.4991865,0.025214601,0
1700074836.357007,0.028378876,0
1700074836.590013,0.02423009,0
1700074839.2038405,0.02643121,0
1700074839.2704914,0.02490287,0
1700074843.510947,0.036386393,0
1700074843.878132,0.14727491,0
1700074844.6367764,0.025501423,0
1700074847.08517,0.036667798,0
1700074852.0493116,0.034289397,0
1700074854.4781218,0.029940905,0
1700074868.531185,0.02468538,0
1700074869.6410718,0.034747418,0
1700074871.055116,0.9896052,1
1700074871.0654647,0.9902148,1
1700074875.8972232,0.025878938,0
1700074876.4735117,0.025014728,0
1700074876.9009447,0.023915285,0
1700074880.5091531,0.9902767,1
1700074880.8394284,0.023531733,0
1700074881.8255002,0.302729,0
1700074882.8512886,0.024637505,0
1700074885.3212297,0.028136829,0
1700074889.998684,0.025363242,0
1700074890.9163444,0.5810892,1
1700074894.4758725,0.0242596,0
1700074895.3546748,0.025778975,0
1700074898.5035756,0.023964796,0
1700074899.3397908,0.026221775,0
1700074902.187947,0.17891823,0
1700074904.729422,0.025058795,0
1700074906.6815205,0.025486445,0
1700074907.0029492,0.034926903,0
1700074909.064235,0.026767952,0
1700074911.9648137,0.037204143,0
1700074915.1838005,0.48835304,0
1700074915.7756493,0.023895742,0
1700074916.8363383,0.027744867,0
1700074920.0029843,0.9899102,1
1700074922.2227805,0.028878411,0
1700074922.2429783,0.02553971,0
1700074924.9591515,0.024756934,0
1700074925.0334122,0.023662807,0
1700074925.2160463,0.027695404,0
1700074925.2999585,0.024769198,0
1700074925.4995914,0.025947405,0
1700074930.1593776,0.9904743,1
1700074934.164595,0.025734525,0
1700074934.4639149,0.02834236,0
1700074936.0775716,0.025103427,0
1700074937.377982,0.033058394,0
1700074937.4679682,0.99039674,1
1700074940.1506712,0.040916204,0
1700074941.1219957,0.9903948,1
1700074941.2298927,0.99016297,1
1700074943.041762,0.027863655,0
1700074943.332116,0.9905433,1
1700074943.4554143,0.9905098,1
1700074945.9840498,0.025716262,0
1700074947.1799474,0.9905827,1
1700074948.2084422,0.027594224,0
1700074949.33282,0.027048783,0
1700074963.0880144,0.025131097,0
1700074964.3238156,0.027025284,0
1700074964.9292047,0.030128164,0
1700074967.9170778,0.026864724,0
1700074968.053131,0.029700164,0
1700074968.6841288,0.027750429,0
1700074968.9116127,0.023779875,0
1700074970.244032,0.03151489,0
1700074976.24566,0.026975913,0
1700074978.7804189,0.06645343,0
1700074979.5512023,0.99041116,1
1700074982.5299573,0.1168033,0
1700074983.7761347,0.027302222,0
1700074984.684547,0.025515793,0
1700074985.2599516,0.9903598,1
1700074986.2532504,0.024017492,0
1700074986.8350663,0.032414142,0
1700074993.5293195,0.98877954,1
1700074997.9905238,0.99050677,1
1700074999.2917666,0.028414186,0
1700075001.3939629,0.029942196,0
1700075001.4387696,0.026959877,0
1700075001.5944831,0.99024373,1
1700075002.183539,0.025484534,0
1700075003.9185898,0.025447506,0
1700075009.1668985,0.02516844,0
1700075009.3508415,0.026922984,0
1700075012.0387847,0.029258255,0
1700075013.600504,0.025539102,0
1700075014.6769345,0.9904631,1
1700075015.128549,0.023634965,0
1700075015.696139,0.02487248,0
1700075015.938752,0.99029434,1
1700075017.0672889,0.025331466,0
1700075019.2069829,0.023358673,0
1700075021.1153245,0.026248481,0
1700075023.8968098,0.02615761,0
1700075025.829294,0.26618466,0
1700075028.2007775,0.19684388,0
1700075031.0238326,0.031398002,0
1700075032.2484517,0.024973556,0
1700075035.3399413,0.98833025,1
1700075036.681707,0.026317026,0
1700075038.044924,0.025523365,0
1700075039.35649,0.11567048,0
1700075040.209003,0.99013853,1
1700075041.289992,0.028052626,0
1700075041.4923158,0.026503175,0
1700075042.0402112,0.028794473,0
1700075042.3504095,0.03049661,0
1700075045.1471195,0.04582937,0
1700075047.2699842,0.9903936,1
1700075049.682063,0.025860934,0
1700075054.2132888,0.023688974,0
1700075054.329645,0.028397618,0
1700075057.9896495,0.02856222,0
1700075058.1648743,0.027474256,0
1700075060.143588,0.025966117,0
1700075060.380015,0.026301304,0
1700075061.9572608,0.025877051,0
1700075065.1113386,0.038122702,0
1700075066.1326368,0.023662686,0
1700075069.5846078,0.025333619,0
1700075070.2759788,0.027557623,0
1700075071.0483534,0.9904441,1
1700075071.3910542,0.026150698,0
1700075071.7828715,0.9896347,1
1700075073.5245185,0.026709376,0
1700075073.6383471,0.023435617,0
1700075074.2657137,0.040982496,0
1700075074.813809,0.028941534,0
1700075077.424492,0.029639035,0
1700075077.6055212,0.024993187,0
1700075077.969336,0.025158994,0
1700075084.2936668,0.06472178,0
1700075089.4552326,0.26192418,0
1700075089.6404548,0.027418751,0
1700075090.1565146,0.99003196,1
1700075090.2657056,0.02847057,0
1700075095.971911,0.9897216,1
1700075096.4991572,0.025677197,0
1700075098.6376843,0.99021065,1
1700075098.6539268,0.026538378,0
1700075100.4565349,0.025857473,0
1700075102.8174994,0.02526563,0
1700075103.7282796,0.02387257,0
1700075104.999233,0.98966426,1
1700075106.845699,0.98997927,1
1700075108.3108912,0.9898867,1
1700075112.9353085,0.029574165,0
1700075115.5000834,0.06157093,0
1700075123.8137844,0.02644076,0
1700075125.4862125,0.028554931,0
1700075126.215178,0.03825678,0
1700075126.6402624,0.024529917,0
1700075127.781643,0.0319329,0
1700075128.323455,0.025658661,0
1700075129.6833408,0.99060047,1
1700075130.6350696,0.02792843,0
1700075131.8614376,0.026392082,0
1700075132.9782758,0.02757867,0
1700075133.0951605,0.028154397,0
1700075133.3649445,0.026887903,0
1700075134.6250076,0.9904615,1
1700075135.3883386,0.02459436,0
1700075135.9930823,0.025129367,0
1700075136.46442,0.025249906,0
1700075137.1499991,0.026133047,0
1700075138.5412035,0.024422381,0
1700075141.6831603,0.98995763,1
1700075144.5423503,0.9899496,1
1700075145.9228714,0.025895195,0
1700075146.792986,0.027432023,0
1700075149.4768312,0.027579539,0
1700075149.933029,0.027238965,0
1700075150.773874,0.025861062,0
1700075152.585445,0.036485855,0
1700075152.9288366,0.026381398,0
1700075152.9750023,0.028959716,0
1700075153.2305343,0.9903233,1
1700075154.1282668,0.03151833,0
1700075154.441759,0.99004924,1
1700075155.592939,0.02765538,0
1700075157.116336,0.028988466,0
1700075157.608837,0.99028695,1
1700075160.326969,0.027511436,0
1700075160.8073895,0.026310299,0
1700075163.0880337,0.026650136,0
1700075167.376989,0.03550599,0
1700075170.900341,0.028441962,0
1700075172.3272808,0.030760664,0
1700075172.5084417,0.03217436,0
1700075173.4936829,0.029710252,0
1700075174.0798116,0.9888952,1
1700075174.8649771,0.02802347,0
1700075175.106731,0.025987146,0
1700075176.975086,0.030014077,0
1700075177.6211555,0.02662027,0
1700075177.8240578,0.03541083,0
1700075178.1150382,0.030773763,0
1700075179.010431,0.028219875,0
1700075181.0839577,0.026969343,0
1700075181.2052913,0.11640886,0
1700075185.059466,0.027993493,0
1700075186.1898892,0.029180508,0
1700075186.421007,0.02711992,0
1700075187.9665396,0.028226977,0
1700075188.256117,0.9897111,1
1700075189.2234256,0.026955303,0
1700075189.9050732,0.024613598,0
1700075191.1583238,0.026438871,0
1700075192.7363114,0.029138912,0
1700075193.3761413,0.027782816,0
1700075193.5790908,0.02795335,0
1700075193.9642718,0.030649414,0
1700075196.3929565,0.02567732,0
1700075200.138649,0.026659073,0
1700075202.2671125,0.9900831,1
1700075202.2738397,0.031583235,0
1700075204.5757256,0.028057866,0
1700075205.5635183,0.027765442,0
1700075208.189642,0.026935766,0
1700075208.3199368,0.98982006,1
1700075210.623941,0.025949854,0
1700075211.1084714,0.98976594,1
1700075213.1193032,0.03417678,0
1700075214.4251947,0.5516261,1
1700075214.7254,0.9894769,1
1700075214.8827224,0.026373137,0
1700075216.9231958,0.02810916,0
1700075219.8585312,0.9897536,1
1700075223.4323804,0.023195853,0
1700075224.9851964,0.024588535,0
1700075225.796118,0.02332033,0
1700075225.936818,0.035810422,0
1700075226.6898398,0.025505723,0
1700075228.7452388,0.024043687,0
1700075230.3927438,0.025914533,0
1700075232.5350516,0.021887943,0
1700075235.150627,0.023640478,0
1700075236.6026378,0.023131393,0
1700075237.337859,0.023294078,0
1700075238.0249193,0.027647356,0
1700075239.818082,0.02939092,0
1700075240.992803,0.2525425,0
1700075244.8904955,0.028167697,0
1700075250.113148,0.99055696,1
1700075251.1164465,0.023316123,0
1700075251.7416718,0.25467914,0
1700075253.7659836,0.027086984,0
1700075254.8141656,0.025682626,0
1700075258.1110237,0.026361821,0
1700075258.8203666,0.026176883,0
1700075260.7128088,0.023883175,0
1700075261.875765,0.046209786,0
1700075265.2813118,0.9892504,1
1700075265.706354,0.024607113,0
1700075266.111783,0.02275716,0
1700075267.723999,0.99036145,1
1700075270.792904,0.9895196,1
1700075271.2682705,0.025433062,0
1700075271.694709,0.98841363,1
1700075272.4360693,0.0387633,0
1700075276.0375865,0.02310487,0
1700075276.6285791,0.023543932,0
1700075278.1240516,0.9898275,1
1700075281.4708295,0.989284,1
1700075284.7227955,0.02753008,0
1700075286.0115705,0.027777094,0
1700075286.2169068,0.17880164,0
1700075286.2974248,0.02279108,0
1700075286.5390184,0.9893337,1
1700075287.162823,0.023415571,0
1700075290.6101282,0.9904359,1
1700075290.8564436,0.030684216,0
1700075291.02628,0.034890138,0
1700075292.6745708,0.024615876,0
1700075294.1702895,0.025981443,0
1700075295.8247285,0.02384278,0
1700075299.3951392,0.02448364,0
1700075300.198548,0.99022955,1
1700075300.3628063,0.02517258,0
1700075300.5146236,0.39459214,0
1700075304.156045,0.029914923,0
1700075304.6018505,0.99015534,1
1700075304.7421763,0.033448417,0
1700075306.1225278,0.024138682,0
1700075306.387391,0.9816642,1
1700075308.7749035,0.98959446,1
1700075309.1271665,0.024845574,0
1700075309.2199862,0.9886613,1
1700075314.5065637,0.02481821,0
1700075315.442157,0.03151115,0
1700075317.203322,0.033264924,0
1700075317.9182756,0.021600798,0
1700075318.220528,0.73584193,1
1700075320.7646277,0.023375627,0
1700075322.9786196,0.024290962,0
1700075324.841236,0.9902587,1
1700075327.1542275,0.024194807,0
1700075327.1617858,0.022770628,0
1700075327.8684824,0.023438727,0
1700075328.6406147,0.9902,1
1700075328.750902,0.024988897,0
1700075332.0223408,0.9903598,1
1700075333.952959,0.027177162,0
1700075335.6465702,0.03068287,0
1700075337.7562337,0.9903015,1
1700075339.531329,0.02565061,0
1700075341.7174516,0.028402038,0
1700075342.20357,0.021165786,0
1700075344.1398304,0.031853344,0
1700075344.6878874,0.023838637,0
1700075345.8886857,0.031779807,0
1700075349.589754,0.022970306,0
1700075349.7813945,0.026691983,0
1700075353.2112637,0.026915643,0
1700075355.6865842,0.025563454,0
1700075360.686118,0.029554328,0
1700075364.6852372,0.035187528,0
1700075365.07056,0.021353627,0
1700075366.0808542,0.98895776,1
1700075367.5593526,0.022838967,0
1700075370.898503,0.02361688,0
1700075372.5478752,0.024709238,0
1700075372.6277485,0.022872303,0
1700075372.8218389,0.023846414,0
1700075374.6355205,0.98990846,1
1700075378.744311,0.022459462,0
1700075379.3290694,0.02271076,0
1700075380.9922037,0.024186797,0
1700075381.7257411,0.02072017,0
1700075384.1249502,0.023562096,0
1700075390.9590385,0.032447908,0
1700075392.4277716,0.99037874,1
1700075396.8356557,0.9902007,1
1700075397.142177,0.028566096,0
1700075398.3330195,0.9904297,1
1700075400.7338395,0.024337322,0
1700075402.1171858,0.027609773,0
1700075402.5457034,0.022142816,0
1700075402.9035478,0.99021786,1
1700075406.3118706,0.024405956,0
1700075407.4714243,0.024634857,0
1700075408.7964575,0.023755487,0
1700075409.5846229,0.025370864,0
1700075409.6821756,0.026542885,0
1700075413.7904494,0.9900545,1
1700075414.75748,0.02678351,0
1700075415.0081186,0.025380481,0
1700075417.5226653,0.021461172,0
1700075417.6820629,0.062129896,0
1700075417.6861472,0.9902878,1
1700075422.0493436,0.021390768,0
1700075424.6614978,0.023839956,0
1700075426.1019156,0.026582679,0
1700075427.0041993,0.023296382,0
1700075429.7109427,0.021513134,0
1700075431.608812,0.021370541,0
1700075432.4393177,0.023613753,0
1700075434.7195916,0.990355,1
1700075436.0265584,0.028179478,0
1700075436.0560608,0.031883366,0
1700075441.7587276,0.024575332,0
1700075446.2106493,0.02488905,0
1700075447.0612245,0.02435115,0
1700075447.7036126,0.07012533,0
1700075448.1874433,0.99051976,1
1700075448.268058,0.024517018,0
1700075449.769002,0.18517043,0
1700075450.2449653,0.02726068,0
1700075452.582528,0.024980992,0
1700075453.4248557,0.032223918,0
1700075454.8170907,0.9904483,1
1700075455.3801522,0.027536133,0
1700075460.0792294,0.024833528,0
1700075461.6320152,0.9907295,1
1700075462.1764014,0.840294,1
1700075464.408547,0.99035746,1
1700075465.645537,0.0253228,0
1700075469.3974626,0.99001616,1
1700075471.0538034,0.026981175,0
1700075472.676561,0.03266766,0
1700075473.924151,0.03152698,0
1700075474.1647968,0.02487065,0
1700075476.1972904,0.100022055,0
1700075480.2229657,0.02957009,0
1700075482.9938211,0.02298055,0
1700075483.3045115,0.028370975,0
1700075484.17134,0.02821475,0
1700075485.0003457,0.025773527,0
1700075485.0203967,0.029566297,0
1700075485.046661,0.027029196,0
1700075491.8086216,0.025532115,0
1700075494.2384503,0.025385741,0
1700075494.3584547,0.027141983,0
1700075494.3945534,0.02494818,0
1700075494.5854309,0.043935932,0
1700075495.7095096,0.026062947,0
1700075495.7157,0.023961417,0
1700075495.917317,0.024135567,0
1700075496.5207632,0.027128289,0
1700075498.6479397,0.041765332,0
1700075499.40757,0.026344405,0
1700075500.0860052,0.024658153,0
1700075501.8951511,0.023108212,0
1700075504.5785782,0.028783133,0
1700075506.3949964,0.025827574,0
1700075507.5924702,0.024833478,0
1700075516.1829004,0.025580281,0
1700075518.604729,0.99025613,1
1700075522.5723658,0.024181243,0
1700075525.7879446,0.030295536,0
1700075527.431309,0.02647391,0
1700075527.6380506,0.027040033,0
1700075529.7368424,0.03665773,0
1700075530.5297563,0.025229333,0
1700075532.1120057,0.9902237,1
1700075533.4711754,0.023237368,0
1700075534.7947662,0.99000144,1
1700075538.3074186,0.030512717,0
1700075539.9969203,0.029565696,0
1700075542.5206757,0.02742752,0
1700075544.9697134,0.09644632,0
1700075545.4440386,0.027852956,0
1700075546.9153235,0.024229718,0
1700075546.927253,0.022919176,0
1700075547.8967724,0.026598668,0
1700075548.9152296,0.025650296,0
1700075550.441503,0.025994148,0
1700075550.8355887,0.022427823,0
1700075552.8521693,0.990382,1
1700075553.0865796,0.99025905,1
1700075555.37512,0.025500033,0
1700075555.938895,0.9901634,1
1700075557.4593122,0.024490593,0
1700075559.4361415,0.029264702,0
1700075559.6592014,0.9903898,1
1700075561.0191114,0.025395352,0
1700075563.4651375,0.025123201,0
1700075564.5468123,0.022433706,0
1700075566.2339523,0.030937111,0
1700075568.006069,0.023768995,0
1700075569.0929267,0.024116777,0
1700075572.904456,0.029274184,0
1700075573.117839,0.026448874,0
1700075577.560943,0.24318266,0
1700075579.5079677,0.03014516,0
1700075579.799732,0.081577756,0
1700075583.151699,0.025520023,0
1700075583.3516176,0.024916204,0
1700075584.540552,0.02462202,0
1700075588.0679283,0.9903218,1
1700075588.498787,0.025232313,0
1700075588.626532,0.04027784,0
1700075590.299301,0.99039745,1
1700075590.8103838,0.024488669,0
1700075590.9010494,0.023836888,0
1700075593.5638435,0.022557784,0
1700075598.6861985,0.043040648,0
1700075602.4465623,0.02330699,0
1700075603.3576422,0.02489743,0
1700075605.3947723,0.024712034,0
1700075609.3935263,0.026844773,0
1700075609.9486136,0.025948256,0
1700075612.8732138,0.024834469,0
1700075613.4720557,0.03955017,0
1700075613.901172,0.02666105,0
1700075614.406429,0.028312951,0
1700075615.0614192,0.026968522,0
1700075615.25147,0.99030495,1
1700075617.1151311,0.0277352,0
1700075617.7859228,0.023413032,0
1700075618.757733,0.029660895,0
1700075619.3422048,0.03164972,0
1700075619.930627,0.99026734,1
1700075620.237884,0.023955012,0
1700075620.7442763,0.024063954,0
1700075624.4773176,0.066804476,0
1700075625.495199,0.028223539,0
1700075626.3221006,0.036663994,0
1700075629.2963846,0.030168219,0
1700075630.892935,0.028275011,0
1700075631.026478,0.27369544,0
1700075635.9262333,0.022878643,0
1700075636.01888,0.038617924,0
1700075636.8882823,0.024413511,0
1700075637.5165358,0.02361362,0
1700075638.5431318,0.03154155,0
1700075641.023352,0.99032986,1
1700075645.3448668,0.025943317,0
1700075649.462755,0.026965965,0
1700075650.0675092,0.027320007,0
1700075653.6768906,0.025066232,0
1700075656.342225,0.03142098,0
1700075659.0553472,0.9904501,1
1700075660.569517,0.025679564,0
1700075662.4224582,0.026173595,0
1700075662.820822,0.026023803,0
1700075662.8764772,0.025007661,0
1700075663.011179,0.04103983,0
1700075665.8366177,0.026058374,0
1700075668.7620957,0.023696957,0
1700075672.2161715,0.024418501,0
1700075673.194986,0.027021542,0
1700075676.0066855,0.030700129,0
1700075677.5172882,0.99030006,1
1700075677.972032,0.02663641,0
1700075679.394395,0.06543402,0
1700075679.8994884,0.027725792,0
1700075680.743707,0.024327705,0
1700075681.050781,0.02856529,0
1700075683.0148134,0.025055204,0
1700075683.1646357,0.031861678,0
1700075683.178131,0.99043065,1
1700075683.427317,0.024493506,0
1700075684.225129,0.025169335,0
1700075684.9260547,0.02740823,0
1700075688.3694909,0.026224252,0
1700075689.909833,0.02594365,0
1700075690.152076,0.028198885,0
1700075693.0866044,0.030857109,0
1700075695.1162903,0.026972925,0
1700075695.8382552,0.99036777,1
1700075696.236525,0.0240458,0
1700075696.6685207,0.031627133,0
1700075700.8121982,0.9904428,1
1700075700.987281,0.9878961,1
1700075701.2998295,0.028425433,0
1700075703.8840346,0.029710308,0
1700075706.895637,0.99020785,1
1700075708.9525769,0.98802626,1
1700075708.999844,0.028382363,0
1700075712.907554,0.9902774,1
1700075713.7657945,0.025071496,0
1700075714.3158803,0.9903824,1
1700075714.7866824,0.032294985,0
1700075715.0956807,0.0276678,0
1700075715.5410514,0.032671887,0
1700075716.5137906,0.9900752,1
1700075718.382751,0.024534976,0
1700075724.9800203,0.9903619,1
1700075729.877325,0.028503587,0
1700075730.252705,0.05370702,0
1700075732.8175364,0.02581404,0
1700075734.0052395,0.027209863,0
1700075734.5787008,0.027594108,0
1700075735.0234823,0.024300016,0
1700075737.95217,0.026604138,0
1700075738.4543076,0.99015677,1
1700075745.5498116,0.02435338,0
1700075754.4743862,0.024820518,0
1700075755.0974247,0.025869709,0
1700075755.7157726,0.025267253,0
1700075756.8372717,0.025140202,0
1700075757.4853911,0.02265691,0
1700075757.7098916,0.025746943,0
1700075758.3017533,0.024632383,0
1700075761.998157,0.023112368,0
1700075764.131538,0.023961665,0
1700075765.801812,0.028619193,0
1700075768.6585844,0.99027854,1
1700075769.8289447,0.0415446,0
1700075770.252298,0.024251284,0
1700075771.4095714,0.023822052,0
1700075771.5406675,0.026260922,0
1700075772.2471466,0.025828453,0
1700075773.849923,0.9904131,1
1700075776.1944327,0.025185766,0
1700075777.4737835,0.9900732,1
1700075777.7442782,0.024844749,0
1700075778.0854592,0.043234542,0
1700075782.1869028,0.023403745,0
1700075782.9438417,0.024202045,0
1700075790.4388833,0.022600166,0
1700075790.6087818,0.024552992,0
1700075791.6528702,0.024393588,0
1700075798.7914362,0.990221,1
1700075799.5775292,0.023978483,0
1700075802.4792824,0.030171473,0
1700075803.392911,0.023868078,0
1700075804.2877223,0.98976046,1
1700075805.3308225,0.025316177,0
1700075805.340392,0.024677012,0
1700075807.9710228,0.023736902,0
1700075808.5700636,0.024359886,0
1700075811.862389,0.025162555,0
1700075813.3565636,0.025351202,0
1700075815.9890344,0.02560647,0
1700075817.7585626,0.024164721,0
1700075821.3742938,0.022787893,0
1700075821.8320136,0.9901164,1
1700075822.5780118,0.025009483,0
1700075828.666638,0.030507522,0
1700075830.7087193,0.990248,1
1700075834.3912506,0.023613218,0
1700075836.7963996,0.025086382,0
1700075840.9162805,0.025032027,0
1700075843.8316567,0.027127823,0
1700075845.0230944,0.023467805,0
1700075845.2960455,0.025474783,0
1700075845.9474263,0.9815175,1
1700075847.9060726,0.024817625,0
1700075849.5234237,0.9894643,1
1700075852.732239,0.025597235,0
1700075855.2824326,0.9857631,1
1700075857.3748012,0.024364194,0
1700075858.9970791,0.026435206,0
1700075864.550112,0.024023606,0
1700075864.6018326,0.02393377,0
1700075866.5724258,0.02959318,0
1700075868.9713895,0.9895475,1
1700075872.9412344,0.023813954,0
1700075876.732157,0.024582792,0
1700075884.97121,0.028706653,0
1700075887.6455023,0.024720686,0
1700075888.0018196,0.56048614,1
1700075890.809115,0.989931,1
1700075891.944681,0.023442127,0
1700075892.9267876,0.026258497,0
1700075892.992546,0.025089204,0
1700075895.735446,0.9902356,1
1700075896.610849,0.025516806,0
1700075896.898783,0.02573941,0
1700075897.6095426,0.9898044,1
1700075899.0098574,0.9897885,1
1700075899.6834047,0.023857573,0
1700075903.3369718,0.025679063,0
1700075904.4792397,0.23095147,0
1700075906.3892176,0.026732456,0
1700075907.8230617,0.026362587,0
1700075908.2891915,0.025981411,0
1700075908.88288,0.023052203,0
1700075909.004472,0.029411793,0
1700075912.546952,0.023503454,0
1700075916.7620194,0.989673,1
1700075917.2659132,0.024949323,0
1700075917.7320242,0.025490401,0
1700075933.9448986,0.98999184,1
1700075935.1466606,0.98960644,1
1700075937.5042949,0.023715379,0
1700075940.062827,0.98952204,1
1700075940.4273975,0.024120376,0
1700075945.3491533,0.024536159,0
1700075946.2164383,0.9897742,1
1700075947.98644,0.026561135,0
1700075948.9369073,0.026371919,0
1700075951.2084982,0.025494428,0
1700075951.5853612,0.024546437,0
1700075955.564936,0.024122078,0
1700075956.0052888,0.025143147,0
1700075958.3397994,0.03957503,0
1700075958.8046825,0.023804903,0
1700075959.8493989,0.04998587,0
1700075966.406504,0.025483828,0
1700075969.093816,0.023438945,0
1700075970.9197438,0.02491139,0
1700075971.0720165,0.023700738,0
1700075972.6264615,0.021508798,0
1700075977.417324,0.9897315,1
1700075977.6286652,0.9898554,1
1700075977.6435218,0.027416855,0
1700075977.9303815,0.023686994,0
1700075980.1099472,0.02944472,0
1700075981.1387851,0.03333249,0
1700075981.570999,0.46654597,0
1700075981.6455665,0.028606866,0
1700075981.949962,0.025343735,0
1700075983.847825,0.025742901,0
1700075984.1932864,0.9896678,1
1700075984.2504675,0.024069156,0
1700075986.521698,0.124049425,0
1700075987.3653846,0.023881515,0
1700075989.7002146,0.024271987,0
1700075993.2534049,0.039568473,0
1700075993.77972,0.05261304,0
1700075995.0311863,0.08092561,0
1700075995.5392838,0.042405844,0
1700075995.981839,0.023286738,0
1700075996.2846465,0.9904302,1
1700075996.2939289,0.061000116,0
1700075997.4249823,0.03081745,0
1700075998.67777,0.024563866,0
1700075998.7005756,0.023061428,0
1700076001.515671,0.024125336,0
1700076006.376995,0.024807163,0
1700076006.675403,0.99024487,1
1700076008.1663334,0.990267,1
1700076010.267238,0.045249406,0
1700076010.3846328,0.041140642,0
1700076010.998947,0.0472566,0
1700076012.072099,0.022782916,0
1700076013.2331922,0.086514756,0
1700076014.1326337,0.025695536,0
1700076016.92182,0.025148131,0
1700076017.8692956,0.02307261,0
1700076018.3504035,0.028598798,0
1700076018.5885444,0.026209997,0
1700076020.026227,0.024556821,0
1700076021.17385,0.02783062,0
1700076021.946145,0.02404858,0
1700076026.6377337,0.05339571,0
1700076028.1789386,0.04172024,0
1700076029.5817485,0.024082657,0
1700076031.9064138,0.023740577,0
1700076032.0198605,0.990279,1
1700076035.1870933,0.99043256,1
1700076036.4358826,0.058582086,0
1700076037.0864518,0.9904231,1
1700076037.609046,0.0240416,0
1700076039.7821598,0.024052871,0
1700076041.5185664,0.023630707,0
1700076041.878353,0.8001139,1
1700076042.3066514,0.026786804,0
1700076046.767939,0.04293505,0
1700076046.7885685,0.030332355,0
1700076047.482757,0.9902963,1
1700076048.1058333,0.027858831,0
1700076048.7853456,0.024050256,0
1700076051.161387,0.02388827,0
1700076053.669923,0.024384595,0
1700076053.9902031,0.027805736,0
1700076054.2503872,0.02701162,0
1700076055.3370166,0.023724347,0
1700076056.918651,0.02314149,0
1700076057.3214948,0.024990454,0
1700076057.6220791,0.9901348,1
1700076059.4625154,0.025116641,0
1700076061.737233,0.02500444,0
1700076062.528332,0.041769415,0
1700076067.1847286,0.99034625,1
1700076067.8620596,0.028236024,0
1700076071.2578866,0.023131682,0
1700076074.3347604,0.9903508,1
1700076076.9574468,0.02280916,0
1700076078.3991115,0.021309175,0
1700076081.091613,0.99042714,1
1700076082.71478,0.023916243,0
1700076082.9262712,0.023439692,0
1700076083.4608743,0.990262,1
1700076092.567098,0.026249902,0
1700076092.8947616,0.03547275,0
1700076093.3492854,0.024630971,0
1700076096.3661687,0.98989654,1
1700076098.676061,0.9891874,1
1700076101.5853002,0.02548506,0
1700076102.0410066,0.095229834,0
1700076102.2839675,0.025384638,0
1700076103.4581623,0.024769614,0
1700076107.566767,0.023796666,0
1700076107.9342194,0.9892755,1
1700076108.5007162,0.02598106,0
1700076111.4125056,0.024275871,0
1700076111.600478,0.026491305,0
1700076112.6858268,0.98941094,1
1700076114.4226348,0.027462652,0
1700076115.0494576,0.08286523,0
1700076116.3205628,0.026181662,0
1700076121.102183,0.99045146,1
1700076121.4167633,0.98981047,1
1700076122.783455,0.025296982,0
1700076123.7991064,0.028321896,0
1700076127.0293486,0.02549064,0
1700076127.1170874,0.024737822,0
1700076129.9886825,0.9888419,1
1700076131.8364272,0.9892063,1
1700076133.6940565,0.75478774,1
1700076134.1702428,0.025061276,0
1700076135.472715,0.025208423,0
1700076138.9618807,0.030690555,0
1700076139.2617834,0.5256611,1
1700076141.363069,0.9890682,1
1700076141.499767,0.023978207,0
1700076142.3912425,0.98971295,1
1700076142.67521,0.0251107,0
1700076143.452598,0.42235598,0
1700076143.5131156,0.026310258,0
1700076143.9548173,0.9892797,1
1700076145.0981,0.027283626,0
1700076146.8661697,0.02327477,0
1700076146.9997375,0.022131087,0
1700076147.445545,0.026270386,0
1700076152.8249404,0.02591285,0
1700076154.9447577,0.98921275,1
1700076155.7292197,0.025162263,0
1700076156.0914786,0.9902018,1
1700076157.3498344,0.024487643,0
1700076161.8486753,0.02383844,0
1700076162.0294182,0.024755782,0
1700076162.2277927,0.02550702,0
1700076162.7235606,0.9897167,1
1700076167.9455292,0.024486102,0
1700076169.1224627,0.02589744,0
1700076171.3874345,0.023100311,0
1700076172.056831,0.98928076,1
1700076173.3913915,0.9897153,1
1700076176.2259195,0.9901024,1
1700076178.093037,0.026392477,0
1700076184.650625,0.024077496,0
1700076185.3345742,0.19792534,0
1700076187.076064,0.0250454,0
1700076189.7115667,0.033698257,0
1700076190.8729382,0.023112625,0
1700076191.1955595,0.024406847,0
1700076191.7852116,0.9890421,1
1700076192.4276078,0.024771517,0
1700076195.16303,0.024859287,0
1700076198.5496886,0.02438416,0
1700076198.7639503,0.02402053,0
1700076201.5406208,0.02764995,0
1700076201.7158763,0.024300251,0
1700076202.0507276,0.025478324,0
1700076204.7626123,0.023168232,0
1700076204.9934523,0.023163881,0
1700076207.6446676,0.98995054,1
1700076209.9995992,0.030463116,0
1700076212.3115437,0.04141276,0
1700076213.573769,0.98962295,1
1700076219.9566212,0.062091485,0
1700076221.035796,0.9903696,1
1700076222.474922,0.02249428,0
1700076223.3194237,0.028167786,0
1700076224.748932,0.9902632,1
1700076225.5097666,0.02420983,0
1700076231.377216,0.9899676,1
1700076231.64774,0.9899009,1
1700076232.9843135,0.028865838,0
1700076235.3363376,0.026969757,0
1700076237.1029034,0.9898095,1
1700076240.7050805,0.024893647,0
1700076241.5083334,0.98974866,1
1700076243.8686483,0.025320375,0
1700076244.5636418,0.023492666,0
1700076244.9602993,0.028386345,0
1700076245.070198,0.024283824,0
1700076246.5976436,0.9899256,1
1700076247.9246993,0.025148137,0
1700076248.2288997,0.026635693,0
1700076248.6246655,0.09686874,0
1700076249.5560954,0.034001417,0
1700076249.597212,0.9900435,1
1700076250.9834144,0.02397112,0
1700076252.1831105,0.038974337,0
1700076252.940284,0.02756025,0
1700076255.6236994,0.024854548,0
1700076259.3908832,0.024220353,0
1700076262.3761177,0.9901854,1
1700076265.9465249,0.026075134,0
1700076268.232361,0.9899957,1
1700076269.5539503,0.025616528,0
1700076270.8953278,0.989902,1
1700076271.0421262,0.024204718,0
1700076271.2244036,0.041192427,0
1700076272.1606307,0.023121057,0
1700076273.4969516,0.02997834,0
1700076275.999683,0.024750482,0
1700076278.7808542,0.023075707,0
1700076279.8865454,0.023659516,0
1700076279.8908205,0.02295849,0
1700076282.4704025,0.0262101,0
1700076283.6111078,0.025840692,0
1700076284.5727005,0.0239143,0
1700076284.718969,0.023882182,0
1700076285.1822054,0.02624371,0
1700076287.841716,0.023234116,0
1700076288.56324,0.9899435,1
1700076289.075076,0.9895236,1
1700076292.6698704,0.031131314,0
1700076293.1870654,0.033356853,0
1700076293.538856,0.024442274,0
1700076294.3864255,0.02400426,0
1700076295.3663783,0.80416214,1
1700076295.37773,0.024582982,0
1700076295.954548,0.024375485,0
1700076299.5697072,0.02424513,0
1700076302.1401024,0.022930184,0
1700076302.9177358,0.022543754,0
1700076304.0670288,0.9901244,1
1700076305.6569488,0.046502344,0
1700076306.8587186,0.02211137,0
1700076306.8884523,0.020752845,0
1700076309.9265304,0.022902492,0
1700076312.9412787,0.030057434,0
1700076314.1269023,0.026246566,0
1700076316.9984312,0.024225084,0
1700076318.9289465,0.02128885,0
1700076323.0264072,0.022195846,0
1700076324.185296,0.027565219,0
1700076324.970381,0.021883884,0
1700076325.8363757,0.025898889,0
1700076331.8042605,0.022911971,0
1700076332.1292288,0.989707,1
1700076332.9439485,0.02724493,0
1700076337.3228834,0.049202096,0
1700076337.4586673,0.033693198,0
1700076340.170189,0.021058919,0
1700076341.2238376,0.021901328,0
1700076341.367631,0.026101733,0
1700076343.0163105,0.021767544,0
1700076344.985525,0.02328355,0
1700076345.036025,0.030343002,0
1700076346.172684,0.02694701,0
1700076346.5660503,0.023198336,0
1700076348.413219,0.03000441,0
1700076348.5177145,0.02442855,0
1700076354.5312712,0.11518526,0
1700076358.61565,0.022849321,0
1700076358.986046,0.02694824,0
1700076360.373766,0.025757633,0
1700076362.9959035,0.024746494,0
1700076363.4397402,0.9901119,1
1700076364.0792005,0.9897656,1
1700076365.3964944,0.021484869,0
1700076366.560714,0.021845559,0
1700076367.303532,0.045032732,0
1700076368.6977077,0.9895446,1
1700076369.3824942,0.021743042,0
1700076369.9939194,0.99000096,1
1700076376.5034492,0.028310612,0
1700076377.9572718,0.022029653,0
1700076378.1661713,0.02365872,0
1700076382.473852,0.021990877,0
1700076389.320712,0.022872088,0
1700076390.2407105,0.031027455,0
1700076390.3538537,0.02176493,0
1700076392.9319465,0.022247251,0
1700076393.098192,0.021573909,0
1700076394.9189944,0.024135562,0
1700076400.677316,0.025497941,0
1700076403.514398,0.021118935,0
1700076407.894017,0.02135635,0
1700076408.888328,0.023945335,0
1700076410.8067377,0.101186104,0
1700076411.5368962,0.045700166,0
1700076412.5182617,0.023115868,0
1700076414.2053533,0.02328893,0
1700076418.41266,0.9897586,1
1700076419.57242,0.022023162,0
1700076421.4034746,0.02229313,0
1700076423.0585668,0.9900041,1
1700076424.212855,0.98992646,1
1700076425.1468077,0.022574091,0
1700076426.1491847,0.029849224,0
1700076426.1857853,0.024775535,0
1700076427.9144456,0.9900692,1
1700076429.8146744,0.98982143,1
1700076430.8309104,0.021080015,0
1700076431.414976,0.1725272,0
1700076432.4137623,0.021619579,0
1700076433.516234,0.023162268,0
1700076433.9590924,0.022343954,0
1700076434.1397853,0.022640798,0
1700076434.968774,0.02323436,0
1700076437.0759196,0.026820244,0
1700076437.7706003,0.027693609,0
1700076438.4405365,0.048895683,0
1700076439.530264,0.024790948,0
1700076440.2899623,0.021874093,0
1700076442.6219225,0.023788877,0
1700076444.609555,0.022367675,0
1700076445.0779996,0.021756051,0
1700076447.0211902,0.98953056,1
1700076448.0054743,0.98985004,1
1700076455.5335553,0.03495342,0
1700076456.7242837,0.026996233,0
1700076457.3014123,0.05125767,0
1700076458.1639948,0.023715023,0
1700076459.7590134,0.9897872,1
1700076460.1463227,0.9899653,1
1700076461.0906694,0.023406742,0
1700076469.5034692,0.98969007,1
1700076471.8037562,0.022070868,0
1700076472.2308786,0.022528553,0
1700076474.3695617,0.03982477,0
1700076477.2675583,0.023317913,0
1700076479.6512864,0.02289128,0
1700076483.5712547,0.022533754,0
1700076484.187204,0.021323739,0
1700076485.0534008,0.023186697,0
1700076489.129413,0.02304989,0
1700076492.8790834,0.9897559,1
1700076493.4046853,0.98982424,1
1700076493.609337,0.03661897,0
1700076495.0072815,0.9893384,1
1700076496.0696602,0.022083577,0
1700076497.879392,0.08951992,0
1700076499.065435,0.023237022,0
1700076502.2971492,0.026936878,0
1700076502.384368,0.98994815,1
1700076505.4186158,0.98980016,1
1700076507.8317862,0.02377347,0
1700076508.3764615,0.023069594,0
1700076510.9174843,0.02511863,0
1700076511.8906367,0.024268165,0
1700076515.7258134,0.023791067,0
1700076516.112987,0.7970307,1
1700076516.7620442,0.045080643,0
1700076521.9127357,0.025545841,0
1700076522.3011675,0.9898857,1
1700076523.668959,0.99024254,1
1700076525.6590486,0.025045302,0
1700076525.7964437,0.9896197,1
1700076526.31469,0.022343542,0
1700076526.9215603,0.026149478,0
1700076532.2016983,0.02462547,0
1700076535.362526,0.025203666,0
1700076536.7151089,0.023063537,0
1700076538.2089946,0.027846642,0
1700076538.5670693,0.9901776,1
1700076539.1414106,0.026280357,0
1700076542.0645704,0.350939,0
1700076543.925586,0.99029,1
1700076547.863561,0.024963507,0
1700076550.1632764,0.022121567,0
1700076552.2751498,0.024280785,0
1700076553.2343683,0.023230962,0
1700076553.4499626,0.022504693,0
1700076554.1294792,0.033962358,0
1700076554.288068,0.022364559,0
1700076555.0607111,0.025143677,0
1700076558.626089,0.19465631,0
1700076559.831056,0.023958927,0
1700076562.55428,0.990299,1
1700076566.282501,0.024312725,0
1700076567.186429,0.02333894,0
1700076567.2341106,0.02225626,0
1700076567.5379505,0.99030507,1
1700076567.63079,0.026347505,0
1700076570.7526972,0.025842793,0
1700076572.955675,0.023963472,0
1700076573.4541698,0.9903392,1
1700076574.3682094,0.02852215,0
1700076575.0457716,0.023713525,0
1700076578.0451226,0.026472988,0
1700076579.5398118,0.028225422,0
1700076582.575493,0.02686399,0
1700076583.8591526,0.026278304,0
1700076587.3192606,0.9901991,1
1700076589.2760386,0.02295651,0
1700076590.7106872,0.028283892,0
1700076591.0142057,0.028958805,0
1700076592.8399675,0.023785118,0
1700076596.4832144,0.03610695,0
1700076598.148507,0.04578362,0
1700076599.160741,0.75176483,1
1700076600.6507993,0.99004185,1
1700076601.297707,0.29023132,0
1700076602.0150602,0.023506794,0
1700076602.0523567,0.27482587,0
1700076603.5240328,0.024278378,0
1700076604.6406002,0.9903426,1
1700076604.848907,0.9903024,1
1700076605.4306908,0.025020823,0
1700076606.5766006,0.029030373,0
1700076606.7622974,0.9903038,1
1700076610.1284552,0.98970795,1
1700076611.4558508,0.023053898,0
1700076612.37232,0.02362276,0
1700076612.5491583,0.990211,1
1700076612.6812382,0.9902732,1
1700076613.5577545,0.030412436,0
1700076614.119504,0.039688826,0
1700076615.6893666,0.024152648,0
1700076617.1386144,0.023465887,0
1700076617.50502,0.053013194,0
1700076618.1521914,0.022005992,0
1700076618.1592622,0.024386436,0
1700076619.1610112,0.9905104,1
1700076621.9844213,0.0231427,0
1700076622.6054096,0.03011649,0
1700076627.19353,0.03118731,0
1700076628.46794,0.025909387,0
1700076628.598867,0.02833393,0
1700076632.1003797,0.022444867,0
1700076632.2576957,0.02344854,0
1700076633.7194796,0.0263617,0
1700076635.8414834,0.9904185,1
1700076636.5034142,0.024805795,0
1700076636.68353,0.99050575,1
1700076636.6905446,0.027569005,0
1700076637.9367588,0.99039525,1
1700076638.177634,0.02694834,0
1700076638.3236442,0.9904744,1
1700076641.851249,0.02418976,0
1700076644.1304855,0.023184342,0
1700076649.1330383,0.98996395,1
1700076649.2456956,0.028809391,0
1700076649.6280775,0.99046665,1
1700076651.06448,0.024821235,0
1700076651.3504255,0.032666076,0
1700076656.6192195,0.02331756,0
1700076658.506909,0.60846114,1
1700076660.3839586,0.022695305,0
1700076666.1982524,0.024906844,0
1700076666.253597,0.9904235,1
1700076667.7561083,0.024650384,0
1700076667.9057453,0.03060049,0
1700076667.98699,0.024574801,0
1700076668.5969875,0.030569216,0
1700076672.2736712,0.028678186,0
1700076672.7330997,0.023415316,0
1700076672.8336897,0.024226448,0
1700076674.973531,0.026635,0
1700076675.6152625,0.023764707,0
1700076676.4682562,0.024771653,0
1700076678.2364872,0.03703865,0
1700076680.1675112,0.05833809,0
1700076683.7700744,0.9903994,1
1700076684.850246,0.02388814,0
1700076689.1922138,0.022776354,0
1700076689.7030976,0.026051955,0
1700076691.1303382,0.033614296,0
1700076691.8691864,0.03788085,0
1700076692.069684,0.02659454,0
1700076694.0781052,0.99044085,1
1700076695.859197,0.9904757,1
1700076695.9526443,0.040627167,0
1700076707.3918152,0.023916803,0
1700076707.4578838,0.02630293,0
1700076709.1395166,0.054848466,0
1700076709.408464,0.022303117,0
1700076710.2445276,0.027001645,0
1700076710.590705,0.024926586,0
1700076710.8618033,0.027924366,0
1700076711.553018,0.025749402,0
1700076712.8174634,0.99048865,1
1700076713.1958628,0.023652177,0
1700076716.367603,0.027098313,0
1700076717.336034,0.03519439,0
1700076719.1066368,0.9900609,1
1700076719.3304107,0.023438023,0
1700076725.2734034,0.0234181,0
1700076725.3559258,0.87657857,1
1700076729.7043834,0.028135799,0
1700076730.518082,0.98973304,1
1700076731.9807456,0.98987764,1
1700076732.451002,0.024769988,0
1700076734.5068426,0.023166118,0
1700076734.7329082,0.022266818,0
1700076738.9831593,0.0250314,0
1700076739.8537357,0.025002,0
1700076742.6363437,0.9902941,1
1700076742.7303488,0.023049986,0
1700076743.31495,0.99008304,1
1700076744.2075565,0.98989594,1
1700076744.8268626,0.042885054,0
1700076744.8921046,0.028801477,0
1700076747.8402414,0.8170034,1
1700076748.5718827,0.02475092,0
1700076749.5447035,0.024376858,0
1700076749.930238,0.025869265,0
1700076751.0809662,0.023612704,0
1700076755.1259449,0.023103107,0
1700076755.606954,0.02418332,0
1700076756.5003352,0.022613054,0
1700076761.57103,0.02596266,0
1700076761.9396596,0.0212729,0
1700076764.6646955,0.030751806,0
1700076765.436507,0.022710955,0
1700076766.934374,0.023239154,0
1700076767.6582365,0.022259757,0
1700076768.0646162,0.021625713,0
1700076770.413017,0.93535024,1
1700076774.7072046,0.113371156,0
1700076774.7540555,0.02579804,0
1700076775.5879152,0.024262257,0
1700076775.8898568,0.028724806,0
1700076777.9354477,0.021685697,0
1700076779.028937,0.022667775,0
1700076780.5991962,0.022693673,0
1700076780.721949,0.9891222,1
1700076782.6580718,0.025248116,0
1700076783.4342728,0.023965348,0
1700076784.2059472,0.022175977,0
1700076784.9257078,0.022960257,0
1700076785.244106,0.02272967,0
1700076790.130399,0.022148296,0
1700076790.3852513,0.02217282,0
1700076794.90859,0.024476763,0
1700076794.9814897,0.98978233,1
1700076795.377091,0.023226121,0
1700076797.4489512,0.98985416,1
1700076797.6019115,0.023467109,0
1700076799.447118,0.9890493,1
1700076800.0646129,0.021759547,0
1700076803.5923636,0.031813484,0
1700076807.375033,0.023285948,0
1700076810.3157442,0.034068324,0
1700076814.906984,0.028036626,0
1700076819.279292,0.024451105,0
1700076820.1623287,0.49710572,0
1700076823.285188,0.024844144,0
1700076827.1448636,0.989674,1
1700076829.9486198,0.027906822,0
1700076830.7695522,0.99006605,1
1700076832.314554,0.023553701,0
1700076832.3592312,0.024838714,0
1700076834.5649111,0.023654152,0
1700076836.369363,0.027705321,0
1700076836.6298182,0.021775167,0
1700076837.304453,0.9898017,1
1700076838.609676,0.024782166,0
1700076849.116202,0.026438672,0
1700076856.7796607,0.024102489,0
1700076856.9947865,0.98950726,1
1700076858.1914144,0.9898489,1
1700076858.2104158,0.02391209,0
1700076858.3931675,0.99031866,1
1700076862.558918,0.23553589,0
1700076864.777804,0.025542483,0
1700076867.717104,0.025382308,0
1700076869.7528486,0.02380788,0
1700076870.256818,0.9895726,1
1700076871.0313077,0.989479,1
1700076876.2274916,0.024178945,0
1700076878.4265497,0.024491865,0
1700076891.9157183,0.9901996,1
1700076894.8286188,0.028276408,0
1700076896.2367632,0.99062526,1
1700076899.315498,0.030788865,0
1700076901.5157807,0.033997126,0
1700076902.2334414,0.0237468,0
1700076904.5549765,0.024918994,0
1700076905.4882154,0.024629898,0
1700076906.003455,0.029191693,0
1700076908.3043413,0.023605194,0
1700076908.31175,0.02221124,0
1700076908.8485813,0.9892938,1
1700076909.1265,0.9900911,1
1700076909.5896342,0.9895768,1
1700076911.508982,0.696591,1
1700076915.0146072,0.027568346,0
1700076915.4348474,0.98980904,1
1700076915.5087807,0.025521688,0
1700076915.8690042,0.023246612,0
1700076917.9677913,0.025990194,0
1700076923.8086455,0.022446755,0
1700076924.7362895,0.024527468,0
1700076929.682856,0.024732659,0
1700076930.5633132,0.025585653,0
1700076930.9446738,0.027501486,0
1700076930.9462624,0.023344474,0
1700076932.6435103,0.9898301,1
1700076933.904358,0.028870387,0
1700076934.2459188,0.023629121,0
1700076935.6104724,0.99035674,1
1700076937.1902182,0.024295637,0
1700076937.440672,0.023754835,0
1700076937.5289865,0.024720121,0
1700076938.4541144,0.02598845,0
1700076940.237346,0.025829453,0
1700076942.3092935,0.023662705,0
1700076942.974572,0.032026194,0
1700076943.8545303,0.023315916,0
1700076944.877946,0.024091428,0
1700076947.0013776,0.026416115,0
1700076947.1451209,0.02535976,0
1700076947.811777,0.025860757,0
1700076949.5600789,0.08039885,0
1700076951.1452386,0.027196353,0
1700076951.299137,0.99028075,1
1700076952.2664998,0.99031514,1
1700076954.4796093,0.9901247,1
1700076958.1321433,0.027739754,0
1700076958.6349616,0.028907575,0
1700076959.1256196,0.027811037,0
1700076960.609818,0.03311331,0
1700076960.990589,0.025310848,0
1700076962.9635136,0.073660694,0
1700076963.5501823,0.026162688,0
1700076964.361822,0.024907934,0
1700076965.118117,0.025580112,0
1700076965.6152658,0.99030846,1
1700076967.7948122,0.026236692,0
1700076972.297145,0.024860876,0
1700076973.9309545,0.04240266,0
1700076974.171234,0.024786955,0
1700076975.0948403,0.024452547,0
1700076975.2273748,0.028885508,0
1700076975.5719898,0.02605106,0
1700076977.150812,0.02602658,0
1700076980.174769,0.025638578,0
1700076981.5385067,0.024912199,0
1700076984.4895906,0.02521883,0
1700076988.2435308,0.02450656,0
1700076990.1679718,0.02553684,0
1700076991.3864515,0.9897065,1
1700076991.8963974,0.67108697,1
1700076994.335924,0.9904236,1
1700076996.7966156,0.02421094,0
1700076997.548155,0.02432668,0
1700076997.801136,0.06524663,0
1700076998.6039453,0.026072124,0
1700076999.0469823,0.024123231,0
1700076999.159633,0.025334181,0
1700077000.094236,0.024472248,0
1700077000.758894,0.09846863,0
1700077000.779447,0.3616118,0
1700077003.2059612,0.026699286,0
1700077003.3408113,0.99016994,1
1700077004.2416365,0.024558835,0
1700077004.8644283,0.024772955,0
1700077006.6938932,0.025601322,0
1700077007.207078,0.99030733,1
1700077007.876464,0.02493153,0
1700077008.5391805,0.02628691,0
1700077009.2135868,0.04986026,0
1700077010.3392572,0.023808355,0
1700077012.3758268,0.024375763,0
1700077012.4051256,0.03341919,0
1700077012.5502365,0.02549324,0
1700077012.9873295,0.023399323,0
1700077013.5709462,0.026453367,0
1700077016.6152728,0.025090907,0
1700077021.1724112,0.025023025,0
1700077025.3491993,0.026236996,0
1700077030.6303573,0.0477923,0
1700077031.1280472,0.9897177,1
1700077033.1782365,0.024530245,0
1700077036.1141522,0.023674231,0
1700077036.2986388,0.02703648,0
1700077038.615425,0.9903814,1
1700077039.8467731,0.024954682,0
1700077040.0720282,0.99046665,1
1700077040.6600964,0.02576947,0
1700077043.0947232,0.026491601,0
1700077043.204465,0.030854132,0
1700077043.8523638,0.027072975,0
1700077049.863624,0.024874639,0
1700077051.4479585,0.026885139,0
1700077052.41132,0.038707923,0
1700077052.5768154,0.02560034,0
1700077052.8995616,0.045613464,0
1700077055.3058846,0.024757713,0
1700077055.4167252,0.02541006,0
1700077064.3400252,0.02783857,0
1700077066.6301005,0.025420561,0
1700077070.306655,0.024014646,0
1700077070.5688994,0.025711961,0
1700077072.2843907,0.02803465,0
1700077073.9075887,0.025410801,0
1700077076.071363,0.026896218,0
1700077077.008406,0.9903965,1
1700077077.0276675,0.024776531,0
1700077079.1730976,0.9904862,1
1700077079.647144,0.024751248,0
1700077081.6730456,0.99033666,1
1700077081.7283602,0.9903436,1
1700077082.1992154,0.025616335,0
1700077083.4040687,0.041694954,0
1700077083.4419315,0.99036366,1
1700077087.6590688,0.024632156,0
1700077088.7763124,0.026787683,0
1700077094.0391462,0.050681546,0
1700077094.6924367,0.023481205,0
1700077096.5619953,0.049197093,0
1700077096.7804935,0.023830535,0
1700077099.210163,0.02534519,0
1700077099.249048,0.02578435,0
1700077099.722026,0.024863431,0
1700077100.3588676,0.9903502,1
1700077104.447544,0.026493162,0
1700077106.6754577,0.023235554,0
1700077109.7115028,0.99030733,1
1700077111.6427574,0.026718302,0
1700077116.8705006,0.026012585,0
1700077118.118389,0.025365941,0
1700077119.9097357,0.025781102,0
1700077121.6967745,0.026298441,0
1700077127.433333,0.024282955,0
1700077128.5083036,0.99068063,1
1700077133.0820444,0.028156336,0
1700077133.1334138,0.02712669,0
1700077134.0979383,0.025776295,0
1700077134.6218374,0.025673797,0
1700077136.9332387,0.98913306,1
1700077137.0493877,0.031084865,0
1700077142.700339,0.025295345,0
1700077142.9759395,0.029654741,0
1700077143.7614896,0.032273237,0
1700077146.8897,0.9903268,1
1700077150.8724914,0.026523333,0
1700077150.9284165,0.025787733,0
1700077155.5682309,0.02783389,0
1700077155.8695602,0.028025972,0
1700077156.356106,0.02761838,0
1700077158.078262,0.03085791,0
1700077159.99921,0.9900057,1
1700077169.2482786,0.02697077,0
1700077169.372901,0.027420035,0
1700077170.5816748,0.9898151,1
1700077172.65488,0.025567926,0
1700077177.7132442,0.989846,1
1700077181.871429,0.026752057,0
1700077186.249019,0.025068138,0
1700077186.2847629,0.031936426,0
1700077188.404409,0.070753425,0
1700077189.0702612,0.02883978,0
1700077189.1601295,0.02557877,0
1700077189.9169433,0.02770919,0
1700077192.694135,0.028091485,0
1700077193.5702643,0.03026063,0
1700077194.3928692,0.9899574,1
1700077199.9357738,0.98945284,1
1700077201.2778723,0.028015269,0
1700077202.4278517,0.026921758,0
1700077202.5125637,0.9888821,1
1700077204.2565126,0.026051406,0
1700077206.5945485,0.99015254,1
1700077209.7002532,0.026187884,0
1700077210.5296302,0.029667715,0
1700077211.714454,0.18892038,0
1700077212.8439634,0.029869832,0
1700077214.163236,0.029518956,0
1700077214.2302752,0.99008954,1
1700077217.8610356,0.02737664,0
1700077218.672891,0.026070293,0
1700077221.2068846,0.9896012,1
1700077223.7542627,0.028681189,0
1700077223.7573583,0.9891923,1
1700077224.0852098,0.98963785,1
1700077225.141034,0.027189188,0
1700077225.9200015,0.030378392,0
1700077226.8162508,0.028851757,0
1700077227.32279,0.026278447,0
1700077232.177786,0.027263349,0
1700077233.1716228,0.031932358,0
1700077235.883083,0.9901652,1
1700077236.195084,0.026844656,0
1700077238.0299833,0.027068535,0
1700077238.0541034,0.026725266,0
1700077238.2370973,0.026641892,0
1700077239.2160494,0.02688008,0
1700077240.3430088,0.028812112,0
1700077240.7160163,0.025363037,0
1700077241.447423,0.027442217,0
1700077243.76089,0.027307656,0
1700077244.0627797,0.9895655,1
1700077244.3506927,0.9903915,1
1700077250.7185824,0.027626038,0
1700077254.0189009,0.026945604,0
1700077258.9412332,0.027354646,0
1700077259.0041575,0.026834505,0
1700077259.2410588,0.9889825,1
1700077259.5659688,0.9905111,1
1700077262.2101076,0.2542847,0
1700077264.927169,0.025964063,0
1700077266.0866268,0.025417915,0
1700077272.1904044,0.026759842,0
1700077276.6961555,0.026445737,0
1700077276.85972,0.026611703,0
1700077281.208226,0.02661463,0
1700077288.9876804,0.026725445,0
1700077289.1393256,0.026171809,0
1700077289.7955613,0.027380157,0
1700077291.2929268,0.6306237,1
1700077295.16836,0.02976201,0
1700077298.7978396,0.024525568,0
1700077299.7905364,0.9901676,1
1700077300.909598,0.027172541,0
1700077305.3455043,0.05371179,0
1700077306.8858123,0.02745612,0
1700077308.199021,0.025365217,0
1700077309.399614,0.025595676,0
1700077310.7535255,0.02687635,0
1700077311.0988686,0.045125782,0
1700077312.2522583,0.026404623,0
1700077314.231228,0.034725085,0
1700077315.9765291,0.038367268,0
1700077317.6669471,0.027601289,0
1700077318.3696463,0.99032557,1
1700077319.723746,0.025952613,0
1700077319.7472212,0.025980167,0
1700077322.7937045,0.027818246,0
1700077324.114424,0.025745902,0
1700077326.1361878,0.025144927,0
1700077327.4475014,0.98867935,1
1700077328.113522,0.12840821,0
1700077328.8740325,0.028600534,0
1700077330.979724,0.049436808,0
1700077331.907248,0.025988493,0
1700077333.535158,0.026166378,0
1700077334.830755,0.025736988,0
1700077337.560626,0.03158755,0
1700077343.0404046,0.9905929,1
1700077344.464446,0.07176345,0
1700077348.2084107,0.53599656,1
1700077352.2988634,0.027151423,0
1700077353.1339097,0.026921216,0
1700077353.9410074,0.02498475,0
1700077353.9452007,0.02810469,0
1700077354.4089625,0.1430933,0
1700077361.5493464,0.02538426,0
1700077362.1450105,0.99029386,1
1700077364.6631415,0.030448455,0
1700077364.8879528,0.028898275,0
1700077371.0455096,0.98987573,1
1700077373.0440955,0.026273984,0
1700077385.779601,0.026103958,0
1700077387.289617,0.025845379,0
1700077388.7138915,0.025600946,0
1700077391.1069658,0.025576595,0
1700077391.5166175,0.99008465,1
1700077402.593815,0.03087469,0
1700077403.4220097,0.03990069,0
1700077406.2134476,0.06933972,0
1700077406.6257002,0.024572156,0
1700077409.2799776,0.0262982,0
1700077409.3350513,0.025669215,0
1700077411.1810317,0.03448678,0
1700077411.1938746,0.026976833,0
1700077411.8875356,0.027728181,0
1700077412.6328585,0.026356185,0
1700077415.8770037,0.023684654,0
1700077416.7749434,0.024689818,0
1700077419.7482312,0.9904937,1
1700077422.7819712,0.038376655,0
1700077422.8439553,0.025391396,0
1700077428.365102,0.9720471,1
1700077433.0405352,0.99054354,1
1700077433.4912324,0.024669485,0
1700077436.065879,0.025080089,0
1700077439.7603948,0.027026786,0
1700077440.8413763,0.040026207,0
1700077442.795366,0.02631682,0
1700077444.261418,0.99059814,1
1700077444.877668,0.027425807,0
1700077445.5061018,0.024365058,0
1700077446.8598406,0.2336029,0
1700077447.587372,0.02649096,0
1700077452.3464687,0.03017404,0
1700077453.1231468,0.19887036,0
1700077453.2889595,0.058276862,0
1700077453.552934,0.024487736,0
1700077454.203858,0.9905076,1
1700077455.9999926,0.023708355,0
1700077457.015562,0.023959806,0
1700077460.9207382,0.02628818,0
1700077462.1912932,0.9905984,1
1700077462.2583156,0.02544964,0
1700077482.0338535,0.027099721,0
1700077484.514819,0.026304359,0
1700077486.299564,0.029522453,0
1700077486.3345585,0.025875203,0
1700077488.1900983,0.024023548,0
1700077497.611714,0.026014276,0
1700077501.838998,0.025921317,0
1700077502.904883,0.24597524,0
1700077504.4813445,0.024565317,0
1700077508.169424,0.9899401,1
1700077509.081515,0.025287265,0
1700077511.3113563,0.023173792,0
1700077512.673281,0.024333276,0
1700077515.5851655,0.025345784,0
1700077515.9496076,0.9892412,1
1700077519.537579,0.024295686,0
1700077520.6414142,0.024230879,0
1700077521.7515805,0.024876816,0
1700077522.068241,0.025919028,0
1700077524.0312476,0.025631484,0
1700077524.2829134,0.025118496,0
1700077524.3690567,0.9901632,1
1700077527.0291004,0.027337283,0
1700077527.5439982,0.024485525,0
1700077529.368738,0.025006028,0
1700077532.2552216,0.024071233,0
1700077536.8667817,0.033692796,0
1700077539.6300611,0.99063194,1
1700077540.5170867,0.024094911,0
1700077544.912537,0.9904597,1
1700077548.5308237,0.025856795,0
1700077552.8152344,0.025130251,0
1700077553.988621,0.023491757,0
1700077557.882558,0.9885866,1
1700077561.861785,0.9901951,1
1700077562.27321,0.026673406,0
1700077566.9229631,0.0372965,0
1700077569.391779,0.026240114,0
1700077575.4060948,0.9902226,1
1700077578.9204764,0.022965202,0
1700077579.6547585,0.023967547,0
1700077582.208119,0.02283247,0
1700077582.8150327,0.0298917,0
1700077583.631406,0.022709789,0
1700077584.890584,0.025336256,0
1700077588.454207,0.02404234,0
1700077590.351286,0.027228821,0
1700077592.1424618,0.023906194,0
1700077595.5277462,0.031188505,0
1700077595.7869513,0.041262355,0
1700077597.2268348,0.027007721,0
1700077599.492619,0.02799549,0
1700077599.5775738,0.02507343,0
1700077604.604115,0.028078305,0
1700077604.8202164,0.024308382,0
1700077608.2841368,0.025227781,0
1700077610.1353724,0.03316206,0
1700077611.4364843,0.025773585,0
1700077611.5075772,0.025861466,0
1700077611.5834548,0.02559224,0
1700077612.3110857,0.025144685,0
1700077614.0135224,0.02549212,0
1700077614.0809906,0.02524098,0
1700077618.0935476,0.022697615,0
1700077618.5083368,0.03200592,0
1700077621.563596,0.024403835,0
1700077621.919809,0.026181739,0
1700077622.014357,0.024549576,0
1700077622.13432,0.023271604,0
1700077626.076363,0.023827074,0
1700077626.2406793,0.29618627,0
1700077631.8407838,0.02913435,0
1700077632.6204302,0.03296393,0
1700077633.3695068,0.026130846,0
1700077633.4736795,0.02318055,0
1700077636.1956956,0.9893031,1
1700077641.9142249,0.024881924,0
1700077641.9623342,0.025960011,0
1700077647.1736548,0.98958695,1
1700077652.9696667,0.024967669,0
1700077653.8076465,0.025445927,0
1700077655.8993187,0.025115853,0
1700077655.903064,0.032538656,0
1700077656.129115,0.023422828,0
1700077661.742453,0.99020773,1
1700077662.0682597,0.32773426,0
1700077662.846058,0.9897826,1
1700077665.357978,0.024865037,0
1700077668.2314537,0.02380101,0
1700077671.0664103,0.025239611,0
1700077671.8527837,0.023199847,0
1700077673.5039537,0.027766904,0
1700077674.068117,0.98990077,1
1700077674.3884256,0.98990357,1
1700077676.3296523,0.023211341,0
1700077679.9817543,0.98962796,1
1700077680.887493,0.03304125,0
1700077681.819686,0.026242942,0
1700077682.014868,0.025916167,0
1700077682.9682758,0.026109505,0
1700077683.7600942,0.026215013,0
1700077684.1032102,0.027440986,0
1700077685.266605,0.027303249,0
1700077685.5786066,0.026620213,0
1700077690.0297582,0.02567519,0
1700077690.0760534,0.02645876,0
1700077690.2122197,0.024593657,0
1700077690.552233,0.9901799,1
1700077692.376006,0.02833099,0
1700077693.5404277,0.028319124,0
1700077696.027359,0.99002844,1
1700077697.2994163,0.022177206,0
1700077699.371838,0.026667261,0
1700077700.6040585,0.025354974,0
1700077702.6391923,0.025374519,0
1700077702.9683726,0.99025714,1
1700077704.8757389,0.9901271,1
1700077706.3848789,0.032266222,0
1700077707.2644646,0.02670164,0
1700077708.3416588,0.027460601,0
1700077708.958816,0.025599908,0
1700077709.163311,0.2564525,0
1700077709.2214804,0.025827497,0
1700077712.920211,0.024146613,0
1700077713.2105262,0.69618684,1
1700077713.7403152,0.9900119,1
1700077715.922335,0.026303265,0
1700077716.042173,0.028870935,0
1700077717.4262898,0.9899969,1
1700077717.7283056,0.024805138,0
1700077719.708079,0.02735031,0
1700077719.9618084,0.026455566,0
1700077720.6629193,0.025267465,0
1700077721.2411292,0.026016926,0
1700077723.663056,0.026335564,0
1700077724.946525,0.085658364,0
1700077727.3346083,0.023915896,0
1700077729.2263615,0.024678385,0
1700077730.6087613,0.02312004,0
1700077730.8566475,0.35535634,0
1700077730.953351,0.02975204,0
1700077731.652177,0.9900417,1
1700077736.630522,0.024538359,0
1700077736.7655308,0.98966426,1
1700077738.6248915,0.025470013,0
1700077739.1468213,0.98981094,1
1700077743.6176813,0.025014035,0
1700077744.4391742,0.024793468,0
1700077744.8581629,0.026058542,0
1700077745.7902665,0.027180161,0
1700077746.5634508,0.026851388,0
1700077749.7834525,0.99029106,1
1700077751.8740804,0.031950064,0
1700077757.6984937,0.026594903,0
1700077757.8374624,0.026695104,0
1700077761.2358687,0.026826574,0
1700077761.8734555,0.026939651,0
1700077763.4204662,0.98954016,1
1700077766.5472298,0.05897366,0
1700077767.3017595,0.11171409,0
1700077772.2263155,0.98943824,1
1700077773.7670708,0.9887754,1
1700077773.942371,0.99011886,1
1700077774.237849,0.025209839,0
1700077775.546694,0.9895852,1
1700077776.6841156,0.9898074,1
1700077777.842502,0.025669204,0
1700077779.10563,0.025555741,0
1700077781.2038467,0.023004942,0
1700077783.233432,0.024058746,0
1700077783.8097043,0.026320564,0
1700077784.0511703,0.030702982,0
1700077785.1636992,0.026130633,0
1700077785.5736945,0.9901058,1
1700077785.9125843,0.0273557,0
1700077786.737268,0.026066333,0
1700077787.9175377,0.026441116,0
1700077789.6986146,0.025367513,0
1700077791.3879485,0.9906747,1
1700077793.7859435,0.025191585,0
1700077799.8283014,0.99027973,1
1700077806.494046,0.02497631,0
1700077807.0539522,0.07282656,0
1700077807.3262904,0.98980415,1
1700077813.450347,0.03611763,0
1700077814.6259344,0.025387205,0
1700077817.4414408,0.032056052,0
1700077817.5531976,0.025963197,0
1700077820.3155372,0.027562639,0
1700077822.0212853,0.024617828,0
1700077822.700675,0.025634702,0
1700077824.4481063,0.025101412,0
1700077827.5374444,0.03536111,0
1700077828.539619,0.024705626,0
1700077829.07451,0.124877684,0
1700077829.8553414,0.027179802,0
1700077830.0040913,0.02470934,0
1700077831.7128956,0.027114872,0
1700077833.445162,0.025923727,0
1700077834.1450198,0.10619325,0
1700077834.466081,0.98991054,1
1700077840.1143315,0.08060309,0
1700077840.143361,0.0744245,0
1700077840.831146,0.9897014,1
1700077841.9749525,0.028244076,0
1700077844.2636566,0.028648196,0
1700077846.6430397,0.0337235,0
1700077853.6880531,0.02601729,0
1700077854.7588675,0.9900051,1
1700077855.2006469,0.026576,0
1700077855.423317,0.02402714,0
1700077855.9824984,0.024857756,0
1700077856.1279912,0.025615973,0
1700077858.23528,0.023644065,0
1700077862.971102,0.02480255,0
1700077864.732484,0.029654369,0
1700077865.1028216,0.043784518,0
1700077866.8321652,0.02852792,0
1700077868.0001738,0.025472747,0
1700077868.161159,0.025032088,0
1700077870.2620645,0.98988044,1
1700077871.7588503,0.025341213,0
1700077871.849573,0.98994327,1
1700077873.7346876,0.9895768,1
1700077874.0846205,0.9903008,1
1700077878.1953008,0.9899739,1
1700077878.489128,0.025447888,0
1700077880.1264195,0.023206344,0
1700077880.9499512,0.025128165,0
1700077883.364338,0.99029505,1
1700077885.0140655,0.06885886,0
1700077886.2191296,0.022910293,0
1700077887.950181,0.024603816,0
1700077888.533831,0.9898874,1
1700077891.7539756,0.03166146,0
1700077893.127738,0.024355203,0
1700077894.1042342,0.025037939,0
1700077896.4310937,0.9903036,1
1700077898.2004,0.025207696,0
1700077903.449175,0.990351,1
1700077903.6050618,0.024052309,0
1700077908.3674538,0.021651803,0
1700077910.6854012,0.9906171,1
1700077913.3121517,0.024711413,0
1700077915.1350694,0.9901827,1
1700077918.7732143,0.9906281,1
1700077919.110721,0.027166905,0
1700077919.93057,0.025077369,0
1700077920.845937,0.102358535,0
1700077921.0002732,0.027178625,0
1700077923.7917826,0.024249805,0
1700077924.258911,0.024305865,0
1700077927.4705324,0.98928785,1
1700077927.6823416,0.026680367,0
1700077927.758728,0.023555268,0
1700077928.0716712,0.98974484,1
1700077928.4349134,0.6034631,1
1700077928.9236395,0.024519803,0
1700077929.9948156,0.18987675,0
1700077932.2157462,0.065502375,0
1700077932.901504,0.025884613,0
1700077935.177622,0.99056154,1
1700077935.664508,0.024059279,0
1700077935.8814204,0.025222292,0
1700077944.9971251,0.024151597,0
1700077945.638186,0.024228953,0
1700077946.8633935,0.024594778,0
1700077951.9862912,0.02515684,0
1700077952.343814,0.024649449,0
1700077954.625769,0.021728698,0
1700077954.829641,0.14429992,0
1700077958.361238,0.9901861,1
1700077958.3996038,0.022622924,0
1700077962.668787,0.071686305,0
1700077963.967935,0.02359674,0
1700077964.1189344,0.99031365,1
1700077964.1234584,0.026117591,0
1700077965.491732,0.024661891,0
1700077966.7808285,0.989883,1
1700077967.448598,0.026585003,0
1700077968.2419114,0.022234708,0
1700077968.3285956,0.02713562,0
1700077969.3070982,0.023934467,0
1700077970.884679,0.030588029,0
1700077972.136826,0.98998827,1
1700077972.3239367,0.022794412,0
1700077975.9705749,0.9903921,1
1700077980.21848,0.99018925,1
1700077980.5820303,0.02579217,0
1700077982.242286,0.02615284,0
1700077982.512485,0.025319636,0
1700077983.0489223,0.023766037,0
1700077988.7583983,0.030158823,0
1700077989.888086,0.026367363,0
1700077993.3376114,0.025066344,0
1700077996.2933426,0.99042284,1
1700077996.842337,0.026329424,0
1700077996.892208,0.9900225,1
1700077999.4713044,0.023990663,0
1700077999.6078072,0.024535866,0
1700078000.302901,0.02440921,0
1700078002.8099487,0.98994035,1
1700078006.115818,0.030839093,0
1700078010.4850276,0.024933804,0
1700078010.6590574,0.026357308,0
1700078019.1784737,0.025566615,0
1700078022.9865696,0.025195766,0
1700078023.1059856,0.023876386,0
1700078024.2136157,0.9897686,1
1700078024.665964,0.02597833,0
1700078026.302656,0.03277414,0
1700078028.5595372,0.051017985,0
1700078031.899382,0.025067203,0
1700078033.8216898,0.9901991,1
1700078034.1828277,0.024742499,0
1700078035.576999,0.9896791,1
1700078035.59068,0.024185812,0
1700078037.1710985,0.021716377,0
1700078038.2453392,0.02452439,0
1700078038.7268102,0.026529968,0
1700078038.801857,0.029643018,0
1700078038.9047637,0.97557735,1
1700078041.034273,0.9896763,1
1700078043.664224,0.025311247,0
1700078050.5020502,0.026505264,0
1700078051.7557232,0.024870124,0
1700078060.2635012,0.99022454,1
1700078062.9817078,0.9890859,1
1700078063.143992,0.025217073,0
1700078063.6228566,0.023778921,0
1700078067.2169266,0.026230147,0
1700078069.2205932,0.028365362,0
1700078069.408897,0.02545462,0
1700078069.5724983,0.024499714,0
1700078071.2452593,0.2940012,0
1700078071.4765122,0.024569824,0
1700078071.611159,0.98976094,1
1700078072.7012978,0.024989804,0
1700078075.947144,0.9899037,1
1700078076.3000677,0.025123764,0
1700078076.773125,0.98976594,1
1700078081.765176,0.077477485,0
1700078085.2233555,0.990281,1
1700078087.404968,0.022768972,0
1700078088.8476512,0.02487822,0
1700078093.2079928,0.025300596,0
1700078094.0308585,0.02265824,0
1700078096.3890002,0.02472734,0
1700078097.7749803,0.027523372,0
1700078099.3383813,0.025914738,0
1700078101.6995134,0.990159,1
1700078102.9899435,0.027160296,0
1700078105.935042,0.037210856,0
1700078107.0209973,0.025824413,0
1700078109.9779832,0.025755305,0
1700078111.3928974,0.02710037,0
1700078115.9340196,0.028058205,0
1700078118.7911406,0.9904896,1
1700078119.7413576,0.028560657,0
1700078121.809584,0.9905939,1
1700078122.3275683,0.02681133,0
1700078123.369958,0.025292503,0
1700078123.9260845,0.02806806,0
1700078128.382339,0.027186511,0
1700078128.8766243,0.026820922,0
1700078131.1752176,0.9903442,1
1700078131.2862332,0.028914401,0
1700078132.1813023,0.028996758,0
1700078136.6342628,0.033789717,0
1700078137.4729247,0.02775649,0
1700078137.7613242,0.025748547,0
1700078139.7167585,0.99051183,1
1700078141.692762,0.025402755,0
1700078147.260105,0.026529409,0
1700078149.975783,0.035673812,0
1700078151.7747006,0.028879762,0
1700078153.9952142,0.027440248,0
1700078155.4686794,0.027584743,0
1700078156.5456457,0.027427116,0
1700078157.8624034,0.029031377,0
1700078159.8516717,0.9904523,1
1700078162.0591092,0.024087759,0
1700078162.9643278,0.026715914,0
1700078163.0567732,0.029229367,0
1700078164.274228,0.027401373,0
1700078164.642481,0.030437538,0
1700078165.2670038,0.027859904,0
1700078166.391319,0.030442968,0
1700078166.6470263,0.026182633,0
1700078169.4906044,0.025683155,0
1700078170.5007236,0.0274632,0
1700078170.5862448,0.02763065,0
1700078172.798201,0.02706531,0
1700078173.1382873,0.9905144,1
1700078174.5976331,0.027488926,0
1700078175.1830664,0.028173564,0
1700078175.6288574,0.026329773,0
1700078178.6473238,0.027458522,0
1700078180.5068316,0.035012096,0
1700078180.530151,0.026372269,0
1700078181.5354362,0.026556479,0
1700078188.52599,0.9903869,1
1700078191.9943204,0.028712064,0
1700078192.6337194,0.02756446,0
1700078193.140375,0.026970958,0
1700078193.2152176,0.03089218,0
1700078193.2435353,0.026719647,0
1700078194.1192918,0.9904322,1
1700078195.0444589,0.027719416,0
1700078195.6982596,0.042516522,0
1700078202.132606,0.024082804,0
1700078206.10948,0.026824242,0
1700078207.350368,0.025057977,0
1700078207.508463,0.025807703,0
1700078208.1566284,0.02836108,0
1700078208.397341,0.9890295,1
1700078210.631283,0.5899779,1
1700078214.509105,0.02649225,0
1700078217.516542,0.030084401,0
1700078217.911142,0.990444,1
1700078218.8891575,0.02672993,0
1700078219.90283,0.9897674,1
1700078224.4740355,0.040087342,0
1700078225.3884015,0.027578363,0
1700078226.173674,0.026440311,0
1700078226.826377,0.025713265,0
1700078226.9864657,0.02509257,0
1700078227.732958,0.03129149,0
1700078229.6500604,0.03729979,0
1700078229.6625996,0.03475764,0
1700078230.7847507,0.98936987,1
1700078231.7998488,0.9897425,1
1700078231.870826,0.024745379,0
1700078231.9927652,0.028134344,0
1700078233.8268344,0.027586836,0
1700078235.157538,0.02608131,0
1700078238.2996168,0.026774352,0
1700078240.2330034,0.026582444,0
1700078244.1825092,0.034337178,0
1700078246.639558,0.029430976,0
1700078247.7134774,0.02458485,0
1700078248.1215992,0.029703682,0
1700078249.233126,0.99042773,1
1700078250.0373533,0.028790645,0
1700078251.792067,0.02658303,0
1700078252.913013,0.027522014,0
1700078255.582904,0.99019474,1
1700078257.8723774,0.99024385,1
1700078258.3518476,0.028841667,0
1700078270.213941,0.03208607,0
1700078272.3647738,0.024040662,0
1700078273.2202015,0.025711277,0
1700078274.2742803,0.9895878,1
1700078274.431286,0.22860019,0
1700078276.0285716,0.9901113,1
1700078276.9494703,0.05524286,0
1700078277.1637626,0.98980415,1
1700078277.7316687,0.026271049,0
1700078279.631703,0.026606366,0
1700078280.1648388,0.9898896,1
1700078280.6935742,0.026204342,0
1700078282.4471388,0.028333101,0
1700078282.5158434,0.98895776,1
1700078284.215081,0.02678121,0
1700078286.9415815,0.98978114,1
1700078287.6051238,0.026705893,0
1700078288.1034253,0.026687926,0
1700078288.335533,0.026548596,0
1700078290.560858,0.026506657,0
1700078291.3106716,0.035605535,0
1700078291.8893058,0.033375636,0
1700078292.9158556,0.024712326,0
1700078294.0623548,0.989967,1
1700078294.3150938,0.08021905,0
1700078294.4471054,0.027200606,0
1700078298.1306398,0.024747532,0
1700078303.1638994,0.9898629,1
1700078303.470754,0.02654306,0
1700078304.1614697,0.027562562,0
1700078304.6754868,0.026908142,0
1700078304.785853,0.02650464,0
1700078308.511308,0.026690338,0
1700078311.2095883,0.03682616,0
1700078311.818889,0.02555112,0
1700078312.4744644,0.021552457,0
1700078316.9598134,0.02539776,0
1700078319.9622126,0.02363826,0
1700078320.070058,0.025391553,0
1700078324.3991942,0.0261686,0
1700078325.1706512,0.023998883,0
1700078326.6908932,0.031376395,0
1700078328.1959548,0.99056655,1
1700078331.6879056,0.02618718,0
1700078332.4497066,0.9904447,1
1700078336.5594995,0.028827613,0
1700078337.82454,0.99035054,1
1700078339.9677248,0.027131408,0
1700078340.0527062,0.025621496,0
1700078340.92288,0.026220895,0
1700078341.1254375,0.025636645,0
1700078344.675773,0.032208588,0
1700078346.3055682,0.028039042,0
1700078348.185197,0.026883816,0
1700078349.3183053,0.025564821,0
1700078350.918099,0.98984164,1
1700078351.9140978,0.025348606,0
1700078352.2654417,0.990424,1
1700078353.7919958,0.02628648,0
1700078354.5728545,0.9905516,1
1700078354.8190434,0.0361248,0
1700078355.4029503,0.024925014,0
1700078355.7839713,0.030401772,0
1700078357.7256494,0.02587418,0
1700078357.9702165,0.02564456,0
1700078364.1373158,0.026571479,0
1700078364.275603,0.025117673,0
1700078367.7741373,0.025671257,0
1700078372.472545,0.032673582,0
1700078374.367792,0.0229234,0
1700078375.474004,0.9898637,1
1700078375.748082,0.025476776,0
1700078377.1027238,0.030093644,0
1700078381.1160238,0.029222764,0
1700078387.089735,0.99020046,1
1700078388.2586174,0.990387,1
1700078389.153482,0.025297837,0
1700078392.58381,0.48515823,0
1700078399.2743158,0.030601947,0
1700078405.2197454,0.025947707,0
1700078405.5979822,0.025347965,0
1700078407.9607017,0.025348116,0
1700078409.2270634,0.027633095,0
1700078409.8644383,0.024523364,0
1700078410.5087433,0.027503718,0
1700078414.923015,0.9902199,1
1700078416.5866246,0.02657613,0
1700078417.7830772,0.02566235,0
1700078421.7283452,0.98994035,1
1700078422.5303743,0.9906596,1
1700078424.4296036,0.026975852,0
1700078426.094644,0.02556366,0
1700078426.8008826,0.9899095,1
1700078429.6373794,0.029542701,0
1700078431.7136188,0.026064945,0
1700078433.127889,0.9895432,1
1700078433.308884,0.030551262,0
1700078434.4272847,0.026927035,0
1700078436.932848,0.9901759,1
1700078437.2393146,0.111196145,0
1700078439.3310182,0.024521396,0
1700078439.7675807,0.02954335,0
1700078440.4074557,0.022779938,0
1700078441.4810386,0.025007902,0
1700078442.608173,0.9902906,1
1700078444.266615,0.024362914,0
1700078449.6005478,0.024343526,0
1700078449.909734,0.023382254,0
1700078451.218599,0.99008816,1
1700078455.6587443,0.028183062,0
1700078455.8369343,0.022790067,0
1700078456.1594489,0.021121956,0
1700078456.934384,0.02676232,0
1700078457.1876678,0.026734708,0
1700078457.7334864,0.024390204,0
1700078458.088282,0.025226032,0
1700078458.8671825,0.026335716,0
1700078459.4756691,0.025340617,0
1700078463.528386,0.031307865,0
1700078467.1977308,0.025668154,0
1700078467.7256243,0.026863338,0
1700078469.3841758,0.99031687,1
1700078470.5456052,0.98992854,1
1700078471.381529,0.025266934,0
1700078476.152374,0.9903572,1
1700078485.4706588,0.99009925,1
1700078486.1761358,0.043682866,0
1700078487.0521705,0.026746953,0
1700078487.2561228,0.026954219,0
1700078495.810394,0.9898823,1
1700078496.180818,0.022978356,0
1700078496.3585908,0.025745707,0
1700078500.8631313,0.025847571,0
1700078502.0770006,0.02398127,0
1700078502.6003387,0.027515277,0
1700078502.7344885,0.025620788,0
1700078503.055411,0.024824986,0
1700078503.5182474,0.025823958,0
1700078505.910022,0.990366,1
1700078510.6240263,0.9901258,1
1700078511.087656,0.025491258,0
1700078511.453573,0.024819976,0
1700078511.5056665,0.023675904,0
1700078512.9523325,0.025358787,0
1700078514.3650124,0.027134681,0
1700078514.3697152,0.9897947,1
1700078516.8513784,0.025418257,0
1700078517.5583732,0.026630113,0
1700078518.7760985,0.025758501,0
1700078522.0043333,0.024076393,0
1700078526.9481218,0.9900266,1
1700078528.6396914,0.024463074,0
1700078528.6598165,0.024938375,0
1700078530.1574538,0.024089415,0
1700078530.5474172,0.4425195,0
1700078532.1848693,0.9902928,1
1700078532.3104987,0.045185372,0
1700078533.2522757,0.025461888,0
1700078535.3850536,0.026303308,0
1700078535.76644,0.98659515,1
1700078540.185891,0.30260572,0
1700078541.922916,0.025586752,0
1700078543.2570426,0.0792891,0
1700078543.765376,0.07138016,0
1700078544.1993127,0.024537293,0
1700078544.388805,0.02487677,0
1700078545.5476713,0.99014497,1
1700078546.2182066,0.99060893,1
1700078546.4475996,0.026351316,0
1700078546.8281784,0.024287011,0
1700078552.0352092,0.024801176,0
1700078552.4418163,0.031609613,0
1700078552.4915712,0.990326,1
1700078556.774303,0.35030177,0
1700078558.4378006,0.025261581,0
1700078558.4732983,0.35650617,0
1700078558.770012,0.026358118,0
1700078561.272206,0.9905262,1
1700078564.9792016,0.025062313,0
1700078565.610932,0.024545284,0
1700078569.961268,0.03394933,0
1700078570.5916574,0.47599623,0
1700078571.1614163,0.9895058,1
1700078571.4685974,0.9902097,1
1700078571.4849052,0.06196179,0
1700078573.0337713,0.98942137,1
1700078573.3967535,0.02477899,0
1700078575.3742335,0.9905088,1
1700078576.1528163,0.989675,1
1700078577.042812,0.9905477,1
1700078578.29359,0.022801349,0
1700078578.3820827,0.11061124,0
1700078579.2437644,0.026910111,0
1700078579.3375616,0.54713494,1
1700078581.305714,0.028134212,0
1700078583.0128057,0.024122844,0
1700078585.4336424,0.02720501,0
1700078585.7469254,0.1871436,0
1700078587.6651225,0.025151003,0
1700078589.022267,0.026747577,0
1700078595.2454925,0.023502449,0
1700078597.2722476,0.02502195,0
1700078598.0557885,0.9899228,1
1700078599.0490496,0.023775779,0
1700078601.3030007,0.02477157,0
1700078606.345129,0.024906207,0
1700078607.1584425,0.98829645,1
1700078608.9260943,0.027348394,0
1700078609.7513163,0.3202645,0
1700078609.972472,0.02792099,0
1700078610.5867734,0.024594046,0
1700078610.874675,0.027686663,0
1700078611.6935613,0.030774098,0
1700078612.6481488,0.026472133,0
1700078613.468639,0.025948705,0
1700078613.853951,0.026039783,0
1700078615.816479,0.028517455,0
1700078618.5621245,0.023862967,0
1700078619.7229955,0.03810812,0
1700078620.45197,0.02710684,0
1700078621.528106,0.9906786,1
1700078621.8941252,0.026498793,0
1700078622.519534,0.98896444,1
1700078623.452499,0.025404807,0
1700078624.2743084,0.025799159,0
1700078627.104203,0.025383357,0
1700078627.4761777,0.9901064,1
1700078627.707043,0.7602718,1
1700078627.922961,0.024826637,0
1700078627.9961257,0.025735136,0
1700078630.9931228,0.025658915,0
1700078632.6427011,0.026457625,0
1700078633.9940813,0.025116196,0
1700078636.1437025,0.4558713,0
1700078637.4665422,0.025791813,0
1700078638.4881938,0.9902748,1
1700078642.9765666,0.9903708,1
1700078643.2434466,0.02571256,0
1700078645.810719,0.9897742,1
1700078647.6565716,0.9891979,1
1700078648.4194567,0.9902935,1
1700078650.2870777,0.0263185,0
1700078651.0076077,0.9897802,1
1700078651.0486972,0.024478521,0
1700078654.6475885,0.9897653,1
1700078656.6910229,0.026121207,0
1700078659.2315505,0.038557664,0
1700078659.965587,0.98963696,1
1700078661.9621408,0.02641261,0
1700078662.726423,0.025479823,0
1700078662.9786608,0.028961932,0
1700078663.604518,0.029050076,0
1700078666.0681145,0.026358742,0
1700078666.1859405,0.990285,1
1700078667.61753,0.026763557,0
1700078668.3566177,0.029091392,0
1700078668.4238944,0.026263416,0
1700078669.6994898,0.0252071,0
1700078676.1612344,0.02503995,0
1700078676.4323947,0.02785798,0
1700078676.6452956,0.034641992,0
1700078681.535472,0.98960847,1
1700078682.6011045,0.024346761,0
1700078685.780741,0.98980016,1
1700078687.6426818,0.9898436,1
1700078689.214432,0.025700493,0
1700078689.2721572,0.8642476,1
1700078689.353768,0.98960084,1
1700078694.214839,0.99069923,1
1700078695.139011,0.025313498,0
1700078697.3776884,0.025720887,0
1700078697.605845,0.025560858,0
1700078699.8649275,0.032966044,0
1700078700.2734082,0.026076708,0
1700078700.907656,0.025551314,0
1700078702.302512,0.026089875,0
1700078702.3129916,0.029216908,0
1700078703.6793487,0.9896975,1
1700078704.5617836,0.02973893,0
1700078707.1959958,0.990139,1
1700078709.8847888,0.9899003,1
1700078712.0221317,0.028649883,0
1700078714.2809217,0.023521258,0
1700078716.0901375,0.026302293,0
1700078716.5360522,0.026026195,0
1700078717.4092252,0.98975873,1
1700078718.8335855,0.03200008,0
1700078719.256293,0.027247595,0
1700078720.545498,0.026270175,0
1700078720.930611,0.9907458,1
1700078720.9554572,0.026756773,0
1700078721.5055432,0.058233947,0
1700078725.3692486,0.024735691,0
1700078734.0828538,0.026223725,0
1700078735.7715752,0.026266532,0
1700078735.9668927,0.02677127,0
1700078736.10985,0.026423324,0
1700078737.503402,0.024157234,0
1700078739.185985,0.9905351,1
1700078739.4628935,0.9905184,1
1700078741.0037315,0.02817084,0
1700078742.2375865,0.025784364,0
1700078744.802008,0.041109446,0
1700078746.889869,0.025452714,0
1700078749.78066,0.02738868,0
1700078749.9644685,0.026658589,0
1700078750.519719,0.0267119,0
1700078751.396768,0.030519886,0
1700078753.083379,0.028283115,0
1700078753.416566,0.03753301,0
1700078754.5538025,0.05207926,0
1700078755.5192552,0.026546502,0
1700078756.7093537,0.027898641,0
1700078759.8127646,0.026626801,0
1700078761.7448452,0.027741643,0
1700078762.8203654,0.027061064,0
1700078763.2778497,0.027417453,0
1700078763.6923556,0.025984937,0
1700078765.493387,0.038044322,0
1700078766.805944,0.027444517,0
1700078771.6962652,0.025887372,0
1700078772.5317714,0.032163296,0
1700078773.2216132,0.02785927,0
1700078774.52408,0.025996508,0
1700078783.493212,0.026089853,0
1700078783.838777,0.027453382,0
1700078786.2271523,0.024210371,0
1700078790.3677342,0.8887466,1
1700078792.6030211,0.028718973,0
1700078795.835842,0.025019228,0
1700078798.3044174,0.026427526,0
1700078798.4204214,0.026031377,0
1700078800.9942362,0.026560403,0
1700078801.5216565,0.026216365,0
1700078801.9322317,0.09399748,0
1700078802.133161,0.027159322,0
1700078802.196416,0.6220201,1
1700078804.3138332,0.027927086,0
1700078804.6020832,0.027851228,0
1700078808.7221284,0.9903132,1
1700078809.5760558,0.99055487,1
1700078811.2379794,0.025562072,0
1700078811.4770377,0.02754391,0
1700078822.4185288,0.027123632,0
1700078823.2723763,0.026987504,0
1700078823.8450332,0.025538525,0
1700078825.255583,0.04651565,0
1700078825.4125102,0.027682852,0
1700078826.8217387,0.027214456,0
1700078828.0077977,0.027094826,0
1700078828.6453643,0.8326969,1
1700078829.3099036,0.026990274,0
1700078832.1889455,0.98925626,1
1700078833.486858,0.026993584,0
1700078833.549116,0.024252221,0
1700078834.0556018,0.9885539,1
1700078836.6910949,0.02435928,0
1700078840.1409502,0.9904675,1
1700078840.2777045,0.026177308,0
1700078841.7403157,0.9907849,1
1700078846.5137224,0.02375534,0
1700078847.5299397,0.024977839,0
1700078848.2471533,0.025939966,0
1700078850.754356,0.023861676,0
1700078851.9431732,0.025223162,0
1700078852.1725163,0.036611415,0
1700078853.1260889,0.023177933,0
1700078854.5577786,0.027000153,0
1700078861.923612,0.025371352,0
1700078863.0844452,0.024793277,0
1700078863.2944057,0.025483448,0
1700078863.8148324,0.99058574,1
1700078865.6670418,0.02614385,0
1700078866.5431817,0.039239224,0
1700078868.7353177,0.043412406,0
1700078871.5850737,0.027181685,0
1700078871.6800358,0.024862241,0
1700078871.8222277,0.31932706,0
1700078871.8762767,0.02799789,0
1700078884.2525587,0.024979744,0
1700078884.7505517,0.032698315,0
1700078885.494349,0.027266914,0
1700078886.5383914,0.03070406,0
1700078887.7976832,0.024860274,0
1700078888.8378246,0.043541145,0
1700078892.323121,0.028980145,0
1700078894.4760635,0.026212934,0
1700078894.5183444,0.026804423,0
1700078895.2192,0.024335157,0
1700078897.052943,0.024672003,0
1700078898.5291705,0.06154406,0
1700078899.0912108,0.98978686,1
1700078899.65648,0.024714166,0
1700078899.9066703,0.023755616,0
1700078899.9156325,0.99072134,1
1700078900.6996076,0.026697686,0
1700078901.447271,0.99018514,1
1700078901.5206783,0.9894198,1
1700078902.3371894,0.98985296,1
1700078905.055585,0.023356678,0
1700078906.578592,0.030376073,0
1700078906.7422204,0.02726069,0
1700078908.9776192,0.025669053,0
1700078912.261779,0.028997231,0
1700078916.7890148,0.027601788,0
1700078918.1326663,0.027011657,0
1700078919.1101656,0.9901536,1
1700078922.7310145,0.025697108,0
1700078927.353556,0.027381053,0
1700078930.278784,0.024459386,0
1700078933.885306,0.031539846,0
1700078935.456257,0.98987794,1
1700078935.6464915,0.024099523,0
1700078937.847988,0.98963624,1
1700078939.50467,0.98992926,1
1700078939.6982472,0.025527395,0
1700078939.8923495,0.022706265,0
1700078944.4297962,0.025825355,0
1700078952.666081,0.99043244,1
1700078954.6832762,0.99011505,1
1700078955.49375,0.02724026,0
1700078958.653546,0.028435161,0
1700078959.769992,0.9904565,1
1700078965.779565,0.99059135,1
1700078968.8226292,0.99059254,1
1700078969.180868,0.9884393,1
1700078970.862877,0.028805349,0
1700078971.7609787,0.990562,1
1700078975.0661137,0.99050355,1
1700078977.9304385,0.026933417,0
1700078982.573953,0.026360381,0
1700078986.0417953,0.02726843,0
1700078987.2062364,0.027365653,0
1700078987.2173643,0.026820133,0
1700078987.687234,0.99032354,1
1700078988.952686,0.026543772,0
1700078989.2844234,0.027910205,0
1700078991.2717724,0.02762682,0
1700078992.1861331,0.030299833,0
1700078992.3776352,0.06699985,0
1700078992.6891184,0.025763407,0
1700078998.1538386,0.028525798,0
1700078999.0567114,0.025358586,0
1700079000.7711778,0.025801424,0
1700079002.1276274,0.028353235,0
1700079002.2045016,0.02759967,0
1700079007.4233084,0.02742651,0
1700079010.3247662,0.02738309,0
1700079010.8657427,0.10698585,0
1700079011.4836094,0.0282146,0
1700079012.5379329,0.027657283,0
1700079012.7335343,0.9876274,1
1700079013.2317543,0.026718898,0
1700079014.9875913,0.02835211,0
1700079018.286939,0.025241183,0
1700079020.0516388,0.026142845,0
1700079022.4818325,0.9904912,1
1700079022.9083817,0.028264796,0
1700079027.1645188,0.026675502,0
1700079029.79027,0.026557496,0
1700079035.198932,0.9904068,1
1700079036.3835874,0.026535263,0
1700079036.91089,0.02546555,0
1700079039.35644,0.02718798,0
1700079048.615694,0.026509825,0
1700079050.0157878,0.02768688,0
1700079050.1835358,0.027774576,0
1700079050.4173057,0.02926738,0
1700079052.1974554,0.026041267,0
1700079053.779185,0.9904773,1
1700079054.3438995,0.027505325,0
1700079056.9012244,0.026539855,0
1700079057.0048032,0.02527164,0
1700079057.3367476,0.027186446,0
1700079058.1357532,0.02812383,0
1700079059.109902,0.026051119,0
1700079061.9501045,0.02817139,0
1700079062.140191,0.027303478,0
1700079066.071674,0.02683844,0
1700079067.6479433,0.025498599,0
1700079068.829626,0.025363302,0
1700079070.055313,0.026124949,0
1700079070.8687646,0.024514396,0
1700079071.9597714,0.024923377,0
1700079074.0703876,0.024807882,0
1700079075.7310505,0.025473503,0
1700079076.8763523,0.031163981,0
1700079079.3353252,0.027816376,0
1700079080.484359,0.02190053,0
1700079084.220021,0.9904632,1
1700079085.8357592,0.02526482,0
1700079086.253954,0.028256904,0
1700079089.962374,0.99046344,1
1700079092.0243025,0.030871114,0
1700079092.5750926,0.99044806,1
1700079093.2843263,0.023358125,0
1700079094.0028586,0.9904992,1
1700079094.4419253,0.9906052,1
1700079094.869987,0.026134187,0
1700079097.511423,0.9905021,1
1700079098.8892016,0.026451731,0
1700079099.2694974,0.02574851,0
1700079099.7628632,0.02544777,0
1700079099.9133022,0.9900067,1
1700079102.2400568,0.025115672,0
1700079102.899105,0.023751099,0
1700079103.800355,0.043887984,0
1700079104.0312555,0.9140784,1
1700079105.947087,0.023798855,0
1700079106.193288,0.027072385,0
1700079106.5212011,0.023200944,0
1700079107.038436,0.02332803,0
1700079109.3904445,0.98998195,1
1700079110.455197,0.023537092,0
1700079110.903586,0.07246656,0
1700079113.471252,0.02474981,0
1700079115.3543496,0.022460608,0
1700079116.4468603,0.98983103,1
1700079119.4600368,0.47389212,0
1700079123.287768,0.0240274,0
1700079123.2951045,0.024570985,0
1700079124.0116932,0.025620783,0
1700079131.5812852,0.025601165,0
1700079131.9269354,0.024536923,0
1700079133.0957456,0.02372778,0
1700079134.0300949,0.025916034,0
1700079134.6789415,0.023873603,0
1700079136.352389,0.99046916,1
1700079137.3927102,0.023349466,0
1700079137.8730247,0.024734896,0
1700079137.9611983,0.04923459,0
1700079138.1621144,0.026084587,0
1700079144.1871717,0.023600513,0
1700079145.9623568,0.023422703,0
1700079147.0763955,0.9903831,1
1700079148.325804,0.02242214,0
1700079149.4784915,0.9905448,1
1700079152.6877894,0.02695734,0
1700079154.7677596,0.023229327,0
1700079154.9933016,0.02539038,0
1700079156.1740055,0.025114879,0
1700079157.1051912,0.023571929,0
1700079157.8680024,0.98804724,1
1700079160.915502,0.990312,1
1700079162.6193006,0.027458109,0
1700079163.06923,0.9905742,1
1700079169.1125622,0.025669051,0
1700079171.3910162,0.026664935,0
1700079172.495645,0.029776359,0
1700079172.9771712,0.026277047,0
1700079173.3908432,0.034084335,0
1700079176.4064753,0.025777131,0
1700079180.9609444,0.026163956,0
1700079181.355548,0.03245425,0
1700079182.946527,0.029734664,0
1700079183.4226058,0.025370033,0
1700079184.3250442,0.024344705,0
1700079188.7764091,0.98927945,1
1700079189.2140222,0.024197513,0
1700079191.2016168,0.028186543,0
1700079191.7340715,0.031580355,0
1700079194.5104294,0.0265748,0
1700079194.93319,0.9903763,1
1700079196.4859068,0.024892118,0
1700079197.7555566,0.9277135,1
1700079198.4169314,0.02644849,0
1700079200.6050503,0.026416663,0
1700079201.6914349,0.03384616,0
1700079204.649007,0.027843662,0
1700079207.1081576,0.02695302,0
1700079207.534469,0.026196107,0
1700079207.9977305,0.02912702,0
1700079208.0352097,0.028420059,0
1700079210.984363,0.029056232,0
1700079212.9381266,0.9893946,1
1700079213.214482,0.05065407,0
1700079221.242853,0.02800358,0
1700079223.5746248,0.022436002,0
1700079227.579802,0.025511522,0
1700079227.7474265,0.026646182,0
1700079231.0187745,0.04288067,0
1700079231.4088483,0.026023641,0
1700079233.215441,0.02723206,0
1700079233.2168825,0.026038205,0
1700079237.2107024,0.98993254,1
1700079238.069873,0.9900311,1
1700079240.2683094,0.02540603,0
1700079244.004928,0.9900579,1
1700079244.3702085,0.053885683,0
1700079245.9227097,0.02465846,0
1700079246.562284,0.026704924,0
1700079248.136586,0.025081927,0
1700079249.8351214,0.026227403,0
1700079249.897693,0.02742483,0
1700079250.246142,0.026802197,0
1700079250.3992589,0.025710404,0
1700079252.5818353,0.030216027,0
1700079253.1219127,0.026417265,0
1700079255.0767856,0.9901536,1
1700079255.5309958,0.027680703,0
1700079258.403439,0.02716526,0
1700079259.835,0.034300778,0
1700079261.130595,0.027842954,0
1700079262.255118,0.5942933,1
1700079263.0740695,0.8501458,1
1700079263.8765783,0.025611304,0
1700079264.4539385,0.18475468,0
1700079269.861865,0.028864892,0
1700079270.4454503,0.026683139,0
1700079270.8306215,0.026396455,0
1700079274.563038,0.025564611,0
1700079274.5743942,0.03140375,0
1700079275.352935,0.02798059,0
1700079275.61086,0.99012613,1
1700079276.2221956,0.027841453,0
1700079278.3388526,0.02620163,0
1700079278.6431177,0.026296426,0
1700079281.03653,0.025435036,0
1700079282.614471,0.02929143,0
1700079284.228317,0.9895784,1
1700079285.776164,0.026109872,0
1700079289.3852053,0.046364445,0
1700079290.8353617,0.027563278,0
1700079294.5049033,0.026993584,0
1700079296.8225057,0.9903358,1
1700079298.1344688,0.026162192,0
1700079301.2394412,0.024689019,0
1700079303.193653,0.0273122,0
1700079303.867855,0.026231917,0
1700079304.4071507,0.02633721,0
1700079305.4015925,0.027308522,0
1700079308.100608,0.98932964,1
1700079310.5988708,0.030064262,0
1700079312.1383903,0.030450718,0
1700079314.1146376,0.989394,1
1700079314.3513217,0.99050355,1
1700079314.6386187,0.024402171,0
1700079314.742441,0.027750585,0
1700079317.1725085,0.1675145,0
1700079317.4123456,0.9902692,1
1700079318.563372,0.025493344,0
1700079322.1442711,0.025469497,0
1700079322.5443454,0.025597317,0
1700079323.73141,0.027699197,0
1700079324.260344,0.036875926,0
1700079326.0411897,0.02469201,0
1700079326.542385,0.024882924,0
1700079326.8597603,0.04305385,0
1700079330.91149,0.032424796,0
1700079332.0700884,0.025163911,0
1700079333.049107,0.029453592,0
1700079336.3701077,0.9906192,1
1700079338.8483791,0.026334915,0
1700079339.5985303,0.02551311,0
1700079340.0959177,0.026801514,0
1700079340.1421783,0.02867249,0
1700079342.871673,0.027168721,0
1700079343.0894663,0.02743492,0
1700079343.163829,0.044390842,0
1700079343.2495418,0.9905336,1
1700079345.0282748,0.98924375,1
1700079345.8743954,0.9891206,1
1700079349.072963,0.02583912,0
1700079350.31588,0.027293462,0
1700079351.5388193,0.026186697,0
1700079352.0608084,0.99030566,1
1700079352.5381503,0.027203375,0
1700079353.2001967,0.026929304,0
1700079355.9689286,0.027048538,0
1700079359.4326348,0.027475951,0
1700079359.9688892,0.027722036,0
1700079360.4504166,0.027291223,0
1700079361.2980602,0.024977852,0
1700079362.192809,0.026355853,0
1700079362.8752084,0.026269885,0
1700079364.1801589,0.025750235,0
1700079365.4307663,0.02945647,0
1700079370.3121302,0.990386,1
1700079371.9444025,0.028645888,0
1700079372.1756282,0.025328193,0
1700079372.378821,0.028631972,0
1700079372.5818725,0.22216846,0
1700079373.7004728,0.028379139,0
1700079374.0919578,0.9898733,1
1700079376.4836311,0.024207802,0
1700079377.2767386,0.027749788,0
1700079377.7049797,0.99010265,1
1700079377.926366,0.028425459,0
1700079378.210927,0.026651826,0
1700079379.9678912,0.025825638,0
1700079380.5243511,0.027816132,0
1700079381.6948924,0.026646977,0
1700079382.7612903,0.9895578,1
1700079384.256722,0.9897183,1
1700079384.7879274,0.025824163,0
1700079388.2435784,0.99024767,1
1700079389.768878,0.040081087,0
1700079390.7019904,0.032591563,0
1700079396.7912812,0.027591012,0
1700079397.6780224,0.026177673,0
1700079399.3353405,0.04140731,0
1700079399.6713114,0.026293136,0
1700079402.0335095,0.028273173,0
1700079402.048204,0.02612595,0
1700079403.9840174,0.030293228,0
1700079405.6948693,0.026214652,0
1700079405.9816017,0.9893105,1
1700079406.066268,0.025287807,0
1700079411.0141697,0.07508684,0
1700079412.937178,0.98925924,1
1700079413.2905447,0.025837457,0
1700079415.034182,0.9901838,1
1700079419.6893823,0.028995246,0
1700079422.089281,0.026207142,0
1700079424.6198044,0.025144083,0
1700079424.7942643,0.028961727,0
1700079425.6153953,0.027359495,0
1700079426.0689423,0.030186892,0
1700079426.4741082,0.03460649,0
1700079429.1683877,0.027723646,0
1700079429.2463186,0.02541746,0
1700079430.2375865,0.026639706,0
1700079430.334182,0.02388516,0
1700079432.4735894,0.025612641,0
1700079434.863213,0.024051897,0
1700079434.9470065,0.98952174,1
1700079436.0412328,0.6089775,1
1700079437.0147986,0.02741969,0
1700079439.9104204,0.026712295,0
1700079440.2566538,0.026585227,0
1700079442.7937584,0.9884621,1
1700079443.2216132,0.9895594,1
1700079445.7025962,0.026463415,0
1700079446.7255106,0.028856525,0
1700079452.4442348,0.025222283,0
1700079456.3821166,0.026077876,0
1700079456.5335498,0.0472897,0
1700079457.261821,0.024592074,0
1700079459.186273,0.024792112,0
1700079461.1393073,0.06501931,0
1700079462.0784907,0.99008524,1
1700079464.358656,0.02580259,0
1700079465.1507776,0.024192475,0
1700079467.8077517,0.99019545,1
1700079469.298463,0.026141163,0
1700079473.649689,0.026062306,0
1700079474.354012,0.024544645,0
1700079479.8632536,0.027417593,0
1700079480.9463196,0.9901731,1
1700079482.0972524,0.5729414,1
1700079482.784423,0.02550341,0
1700079483.812295,0.1352542,0
1700079485.175903,0.024932338,0
1700079485.963119,0.026162215,0
1700079486.9879718,0.02513874,0
1700079487.013306,0.025620032,0
1700079489.306297,0.026324896,0
1700079489.7841997,0.025943344,0
1700079491.026288,0.02677983,0
1700079494.5417387,0.025394745,0
1700079497.9869823,0.02588433,0
1700079499.0199878,0.024635972,0
1700079500.6845176,0.98996514,1
1700079503.3586729,0.025759686,0
1700079504.984024,0.038299643,0
1700079507.0238917,0.025395742,0
1700079507.38629,0.024493942,0
1700079507.8911574,0.06268482,0
1700079510.1171165,0.02493296,0
1700079511.5895815,0.025493126,0
1700079512.1596506,0.025560308,0
1700079512.8201015,0.030728547,0
1700079512.8622313,0.02608005,0
1700079514.458105,0.028015705,0
1700079514.4834445,0.024888031,0
1700079514.833396,0.025829814,0
1700079521.783435,0.0249614,0
1700079527.5136895,0.990193,1
1700079528.1413991,0.030806247,0
1700079529.515516,0.9900101,1
1700079529.915184,0.027150089,0
1700079531.301326,0.040368564,0
1700079534.7086775,0.026397754,0
1700079536.585501,0.962218,1
1700079539.3716662,0.024811096,0
1700079540.5763662,0.07581333,0
1700079541.3319075,0.99020153,1
1700079543.418513,0.025998607,0
1700079544.3707073,0.025678113,0
1700079546.2527168,0.02616824,0
1700079546.3316655,0.024343025,0
1700079549.752105,0.024962598,0
1700079553.6439106,0.9900776,1
1700079554.4605386,0.025960347,0
1700079555.9444308,0.024173472,0
1700079558.751704,0.025228327,0
1700079561.9083495,0.02529478,0
1700079562.0080006,0.11216599,0
1700079562.746351,0.9884227,1
1700079562.9641128,0.026160508,0
1700079563.049892,0.024437342,0
1700079563.2039092,0.02558242,0
1700079564.527682,0.030573964,0
1700079565.912706,0.032193482,0
1700079566.2023294,0.028324781,0
1700079567.1968668,0.025355067,0
1700079568.5729885,0.024820834,0
1700079571.852018,0.024686093,0
1700079572.710893,0.025757939,0
1700079578.083422,0.024435818,0
1700079578.8870783,0.9904398,1
1700079582.753322,0.02390992,0
1700079583.397854,0.024794223,0
1700079584.3406355,0.043997508,0
1700079585.4751992,0.025574934,0
1700079586.9877546,0.081674986,0
1700079587.1672795,0.030527515,0
1700079588.1215315,0.024964564,0
1700079589.0143254,0.026000915,0
1700079589.2160482,0.4559871,0
1700079591.5826645,0.9899861,1
1700079594.854807,0.0242047,0
1700079595.225251,0.026637712,0
1700079601.0521555,0.9904034,1
1700079603.1153784,0.025960393,0
1700079605.7956803,0.027103418,0
1700079607.1896598,0.9902976,1
1700079609.6760917,0.023070138,0
1700079610.1525552,0.9897563,1
1700079610.3624191,0.026069026,0
1700079611.9192648,0.025999984,0
1700079612.013139,0.030648746,0
1700079612.781098,0.02690731,0
1700079617.567968,0.0324693,0
1700079619.1152022,0.9898774,1
1700079619.3771071,0.028731499,0
1700079623.7715728,0.024875792,0
1700079625.6528456,0.2837402,0
1700079625.7996235,0.02819252,0
1700079626.351541,0.025170907,0
1700079626.5438893,0.02566847,0
1700079630.3088331,0.02440803,0
1700079638.8529046,0.98973656,1
1700079645.6022458,0.033001237,0
1700079646.4892595,0.025854135,0
1700079649.5157487,0.7704836,1
1700079651.0538943,0.58686453,1
1700079651.5256312,0.990351,1
1700079655.5992737,0.028753184,0
1700079658.409649,0.026807208,0
1700079659.4785776,0.023841776,0
1700079659.6061516,0.9900287,1
1700079663.2393,0.02336467,0
1700079663.9692218,0.025620135,0
1700079664.9143202,0.031129228,0
1700079665.119309,0.99026006,1
1700079668.6387134,0.026164073,0
1700079670.8986533,0.9903121,1
1700079672.3265178,0.32210675,0
1700079672.5320528,0.98991615,1
1700079679.2266476,0.023663195,0
1700079680.190582,0.026965622,0
1700079680.5091872,0.43079785,0
1700079681.0383933,0.028060818,0
1700079684.11126,0.025180982,0
1700079685.6032062,0.025495458,0
1700079686.3566334,0.027412776,0
1700079687.1708083,0.025778534,0
1700079687.597509,0.36049655,0
1700079688.4951744,0.9902727,1
1700079689.0151358,0.9904642,1
1700079691.3389118,0.025724577,0
1700079691.5304742,0.033115815,0
1700079694.047285,0.02803833,0
1700079698.3953269,0.027383994,0
1700079700.4249732,0.02563863,0
1700079703.4505966,0.026521092,0
1700079706.1196733,0.027226469,0
1700079707.5808804,0.990248,1
1700079709.0648432,0.025185034,0
1700079709.3662455,0.031101385,0
1700079709.4552464,0.030510584,0
1700079710.5779152,0.027907481,0
1700079715.030199,0.027146263,0
1700079715.2077148,0.02960919,0
1700079715.6727977,0.027441526,0
1700079717.494085,0.02506153,0
1700079717.7380786,0.023623085,0
1700079717.9432552,0.99025667,1
1700079719.6811647,0.9896825,1
1700079721.5151017,0.774348,1
1700079724.667256,0.02788374,0
1700079724.9187858,0.024139453,0
1700079725.418367,0.9895079,1
1700079726.7990396,0.026565503,0
1700079727.4806433,0.99001557,1
1700079730.3788798,0.032368667,0
1700079736.212985,0.9896207,1
1700079737.3579164,0.026606752,0
1700079738.4027872,0.024721181,0
1700079741.1122737,0.036226816,0
1700079741.199905,0.99015677,1
1700079742.8403468,0.9896248,1
1700079742.9096725,0.028627345,0
1700079744.2451744,0.027486403,0
1700079745.7625434,0.990292,1
1700079747.519402,0.026110524,0
1700079748.6489265,0.026046123,0
1700079749.7189062,0.02512997,0
1700079750.9820297,0.03840704,0
1700079751.135586,0.025608076,0
1700079751.409079,0.025994696,0
1700079754.8245652,0.028773613,0
1700079757.7022457,0.025450123,0
1700079761.1777723,0.025296452,0
1700079770.9964242,0.99000144,1
1700079771.0779614,0.026122345,0
1700079773.010816,0.9896068,1
1700079779.848794,0.99010754,1
1700079784.2409062,0.02828591,0
1700079784.4288237,0.026116425,0
1700079786.8949664,0.026385568,0
1700079787.3987317,0.5767498,1
1700079793.1609418,0.028330714,0
1700079794.1439557,0.98942834,1
1700079794.7125485,0.9901271,1
1700079795.8761013,0.025389044,0
1700079796.3036196,0.025592893,0
1700079803.1381,0.027262779,0
1700079803.782251,0.024669671,0
1700079804.8532794,0.02699264,0
1700079808.973775,0.98994386,1
1700079811.2572553,0.024935054,0
1700079812.284619,0.99018854,1
1700079816.7591474,0.02671427,0
1700079818.2803266,0.99047893,1
1700079819.475193,0.026530333,0
1700079825.1311154,0.024771998,0
1700079825.6837175,0.02497858,0
1700079827.0000904,0.024816254,0
1700079828.5637543,0.027495416,0
1700079837.8998158,0.026730383,0
1700079842.0620904,0.044226233,0
1700079842.1575646,0.30050454,0
1700079844.8211324,0.045148037,0
1700079845.2556765,0.025019635,0
1700079848.044908,0.028838424,0
1700079850.3432343,0.026251737,0
1700079851.2223008,0.026242126,0
1700079855.2734468,0.024566818,0
1700079857.2810812,0.027607188,0
1700079858.8150113,0.025253108,0
1700079859.6109965,0.026585285,0
1700079866.7382169,0.027587747,0
1700079872.624809,0.09065006,0
1700079874.2695172,0.025405439,0
1700079877.8077495,0.025114756,0
1700079878.3747916,0.026120981,0
1700079878.414169,0.99068844,1
1700079878.5154638,0.026673706,0
1700079879.9016669,0.025765767,0
1700079882.2435308,0.027258487,0
1700079887.9191194,0.9893931,1
1700079888.606683,0.025484692,0
1700079888.690732,0.98925775,1
1700079889.021519,0.026318291,0
1700079890.682065,0.98954695,1
1700079892.8450572,0.9893567,1
1700079892.9587886,0.98944664,1
1700079894.0068097,0.29497015,0
1700079894.4140344,0.07539154,0
1700079894.6478012,0.025898816,0
1700079896.8690093,0.026735213,0
1700079897.944903,0.9892117,1
1700079899.3926153,0.9904579,1
1700079905.4760816,0.027708342,0
1700079907.0592744,0.02708968,0
1700079914.8488202,0.028234184,0
1700079916.7056808,0.025939152,0
1700079922.8865983,0.025528634,0
1700079925.004495,0.02667506,0
1700079925.353868,0.025086105,0
1700079926.7283752,0.98945683,1
1700079928.1654077,0.025364969,0
1700079928.885561,0.99041146,1
1700079930.5856018,0.027483447,0
1700079933.3878126,0.031041866,0
1700079934.0470529,0.028361013,0
1700079935.046719,0.026298748,0
1700079936.156062,0.026856076,0
1700079936.5717986,0.024711331,0
1700079937.770261,0.026219392,0
1700079938.1970303,0.9896623,1
1700079939.318884,0.027797092,0
1700079940.713877,0.02589819,0
1700079942.2956052,0.62203735,1
1700079946.8036404,0.025631841,0
1700079947.8400092,0.025771158,0
1700079948.0175965,0.02241858,0
1700079949.541715,0.99052763,1
1700079950.0373294,0.024291724,0
1700079951.6397169,0.9898308,1
1700079952.866841,0.025870716,0
1700079953.0449028,0.02574925,0
1700079953.6945317,0.026714904,0
1700079954.5855737,0.02514874,0
1700079955.395168,0.025061391,0
1700079961.1089206,0.032045152,0
1700079961.5937665,0.024654407,0
1700079964.0753124,0.9907577,1
1700079966.2862508,0.99035513,1
1700079967.0675502,0.026378807,0
1700079968.58317,0.026128475,0
1700079970.1368232,0.027323887,0
1700079975.521117,0.98981994,1
1700079976.878867,0.02461745,0
1700079978.384101,0.026822515,0
1700079979.055193,0.03495067,0
1700079979.665001,0.025076548,0
1700079980.3163624,0.02808941,0
1700079984.5530164,0.025101436,0
1700079984.810568,0.028118711,0
1700079988.4702165,0.027741719,0
1700079989.0168471,0.02466114,0
1700079989.6822622,0.026307357,0
1700079993.0826955,0.024641408,0
1700079993.7873342,0.041915085,0
1700079999.3398082,0.9897563,1
1700079999.9992096,0.030341404,0
1700080004.4602077,0.63468885,1
1700080005.069988,0.98962843,1
1700080007.0776536,0.08765394,0
1700080009.292324,0.024074512,0
1700080010.5153017,0.025779804,0
1700080016.545301,0.025868572,0
1700080018.4530785,0.022760177,0
1700080021.345286,0.025902702,0
1700080021.6857948,0.02843067,0
1700080021.8573933,0.9898464,1
1700080023.0001686,0.9907521,1
1700080023.6668384,0.99012566,1
1700080025.4287012,0.085970685,0
1700080026.5922854,0.026209027,0
1700080027.1081548,0.98990685,1
1700080029.272412,0.989773,1
1700080032.162042,0.028932564,0
1700080040.8021,0.025850633,0
1700080041.225523,0.07156971,0
1700080042.4763618,0.030680047,0
1700080048.2512617,0.9902784,1
1700080049.626961,0.9896881,1
1700080052.879762,0.024779037,0
1700080052.9089396,0.9900821,1
1700080052.97057,0.024045872,0
1700080055.4002745,0.063795656,0
1700080057.8852465,0.02749442,0
1700080060.7850714,0.02542687,0
1700080064.5542457,0.028422983,0
1700080064.7753348,0.025753733,0
1700080065.8425484,0.026919417,0
1700080066.0363438,0.024945645,0
1700080066.4152093,0.027364226,0
1700080066.53317,0.98772985,1
1700080070.08367,0.026378237,0
1700080070.171985,0.025301531,0
1700080073.7672477,0.025768269,0
1700080073.9082854,0.025935778,0
1700080075.407078,0.029532267,0
1700080076.595454,0.0288869,0
1700080078.3728938,0.02708089,0
1700080078.950268,0.024970394,0
1700080091.3258436,0.027858598,0
1700080092.7105637,0.02782429,0
1700080098.0483463,0.026819903,0
1700080098.964301,0.02405616,0
1700080100.152498,0.026848182,0
1700080102.1879358,0.026559511,0
1700080103.863814,0.026007352,0
1700080105.0796406,0.046624143,0
1700080110.7717144,0.02597145,0
1700080119.074813,0.98934084,1
1700080119.1914551,0.9887186,1
1700080120.2827282,0.04029728,0
1700080122.8841393,0.02556456,0
1700080123.087345,0.02965647,0
1700080124.3246517,0.024017083,0
1700080125.4996438,0.7618701,1
1700080126.274099,0.028561331,0
1700080126.9368994,0.98971915,1
1700080127.9672046,0.989023,1
1700080134.7564683,0.089142285,0
1700080134.9066129,0.028918093,0
1700080139.151898,0.027697861,0
1700080140.5414064,0.02630153,0
1700080140.6722815,0.025730241,0
1700080144.2686543,0.030702936,0
1700080145.5692656,0.025591146,0
1700080145.80758,0.99038213,1
1700080146.767491,0.025691753,0
1700080147.6725996,0.027827246,0
1700080148.537353,0.024625175,0
1700080149.0841982,0.024211193,0
1700080150.51836,0.02908163,0
1700080152.2859423,0.024806354,0
1700080154.4612973,0.041775674,0
1700080156.970101,0.03629879,0
1700080158.693928,0.025284693,0
1700080161.0593626,0.027391944,0
1700080161.3591473,0.023613418,0
1700080164.7873635,0.024601413,0
1700080165.1960309,0.02626072,0
1700080167.7627232,0.9896797,1
1700080169.0389464,0.024337435,0
1700080176.6484432,0.024944806,0
1700080177.1887531,0.9878137,1
1700080178.4609408,0.023542786,0
1700080180.4875062,0.989449,1
1700080181.2588203,0.025956344,0
1700080181.7582986,0.02435643,0
1700080190.2429168,0.9893695,1
1700080191.079569,0.02573553,0
1700080198.6438243,0.024804229,0
1700080199.5761063,0.025385717,0
1700080200.5391018,0.025448987,0
1700080201.4350193,0.02489281,0
1700080202.7115269,0.024232939,0
1700080202.8280122,0.026227282,0
1700080207.8594043,0.9896421,1
1700080207.929202,0.83201134,1
1700080208.868405,0.036682658,0
1700080209.163252,0.025595136,0
1700080210.0108602,0.025972394,0
1700080210.2402835,0.02481681,0
1700080211.6178691,0.9896428,1
1700080214.40485,0.025921501,0
1700080216.5269983,0.026186232,0
1700080216.9731653,0.040210146,0
1700080217.144757,0.030077063,0
1700080217.5284195,0.02775401,0
1700080220.5217602,0.027134381,0
1700080220.5962226,0.025118664,0
1700080221.131755,0.02726303,0
1700080221.268019,0.9893667,1
1700080224.572177,0.026033197,0
1700080225.219769,0.025844727,0
1700080228.1145415,0.06072341,0
1700080228.6804476,0.06071418,0
1700080230.3759687,0.028926333,0
1700080232.5734985,0.030605499,0
1700080233.659353,0.025912518,0
1700080233.9340005,0.023555037,0
1700080235.391955,0.02612809,0
1700080238.1260588,0.029306412,0
1700080238.7901506,0.025773168,0
1700080242.4472702,0.025431184,0
1700080248.4456158,0.99011606,1
1700080252.1807911,0.027455052,0
1700080252.8468256,0.025518393,0
1700080255.156897,0.0273049,0
1700080255.397957,0.024314042,0
1700080256.4169686,0.024247939,0
1700080256.9278314,0.024828546,0
1700080260.2646067,0.025889812,0
1700080264.783733,0.98976785,1
1700080265.8497036,0.032556582,0
1700080267.8005166,0.9889043,1
1700080270.743893,0.024711119,0
1700080271.984086,0.026220417,0
1700080272.0465617,0.02463376,0
1700080272.368362,0.08035148,0
1700080275.7919416,0.02547963,0
1700080275.9810948,0.029358938,0
1700080279.1422367,0.056080077,0
1700080280.215712,0.99035466,1
1700080282.1260872,0.027845468,0
1700080282.9816809,0.028839424,0
1700080284.8392482,0.027816426,0
1700080286.4437368,0.99008906,1
1700080287.7262,0.08387829,0
1700080289.0534558,0.024076575,0
1700080292.6611094,0.025321234,0
1700080302.138749,0.025946235,0
1700080305.0493126,0.98942846,1
1700080309.6610675,0.027195536,0
1700080309.9548774,0.026728664,0
1700080310.1737502,0.025525881,0
1700080311.8532753,0.022964591,0
1700080311.912458,0.09753561,0
1700080314.280908,0.022609174,0
1700080316.926271,0.024714326,0
1700080317.312595,0.99004656,1
1700080319.755412,0.024041902,0
1700080320.2424524,0.023125319,0
1700080321.2257705,0.025705151,0
1700080321.381793,0.024093939,0
1700080323.4295747,0.042736415,0
1700080325.453232,0.9901855,1
1700080326.637512,0.031784605,0
1700080328.5105865,0.024371233,0
1700080328.5898085,0.025898011,0
1700080330.1059537,0.025324533,0
1700080331.16924,0.025183303,0
1700080331.4071226,0.023518562,0
1700080332.154261,0.030871497,0
1700080333.7338777,0.023795491,0
1700080334.6514056,0.027088588,0
1700080338.1683023,0.16499668,0
1700080339.437431,0.06090871,0
1700080340.0626545,0.9893366,1
1700080343.159321,0.0267787,0
1700080343.4855106,0.039546747,0
1700080346.8075671,0.02456871,0
1700080347.7945938,0.9870826,1
1700080347.983466,0.9894645,1
1700080351.978983,0.98987246,1
1700080353.3662255,0.023516154,0
1700080353.6699936,0.024382494,0
1700080354.6944177,0.9891332,1
1700080359.8591008,0.025861403,0
1700080360.7336483,0.024230244,0
1700080360.7992425,0.023875209,0
1700080361.6022837,0.027274419,0
1700080362.6157384,0.98924595,1
1700080363.1013365,0.024764886,0
1700080364.883167,0.025150808,0
1700080365.4687622,0.98993254,1
1700080365.966791,0.023517555,0
1700080367.3874602,0.98603094,1
1700080367.9220686,0.024014289,0
1700080369.1571195,0.024275487,0
1700080369.4140213,0.023898428,0
1700080371.1755478,0.024189005,0
1700080372.0916374,0.024221834,0
1700080372.435562,0.9895307,1
1700080372.7936285,0.024748992,0
1700080378.2465026,0.023924772,0
1700080379.7769938,0.024159346,0
1700080380.0921268,0.023401607,0
1700080380.9269035,0.032452393,0
1700080382.671953,0.123278566,0
1700080383.2855265,0.023495095,0
1700080384.0887458,0.02312065,0
1700080384.9088929,0.98800915,1
1700080385.0693462,0.02361819,0
1700080385.45488,0.9902298,1
1700080386.0147429,0.06294711,0
1700080386.9306076,0.98856455,1
1700080387.4289548,0.024243131,0
1700080389.7657497,0.9884411,1
1700080389.8972058,0.022932634,0
1700080389.9781988,0.026137458,0
1700080391.1034324,0.02852632,0
1700080391.754601,0.030405108,0
1700080392.5840917,0.025370628,0
1700080396.71347,0.026424177,0
1700080396.7369363,0.9903651,1
1700080397.5827415,0.023326272,0
1700080398.73656,0.030919563,0
1700080398.824221,0.025598686,0
1700080398.9520707,0.04409418,0
1700080399.29098,0.028319387,0
1700080400.4233837,0.98944795,1
1700080401.0620368,0.026207322,0
1700080401.1411407,0.02610843,0
1700080401.3923986,0.5045605,1
1700080403.4672716,0.026589299,0
1700080403.7216656,0.02869294,0
1700080404.9081695,0.025219081,0
1700080406.55634,0.030162334,0
1700080406.8316405,0.026933447,0
1700080407.12283,0.026855879,0
1700080409.3377712,0.025153005,0
1700080411.4422069,0.027018381,0
1700080412.0688715,0.98812336,1
1700080413.4523635,0.026418088,0
1700080414.037495,0.025759948,0
1700080414.2147577,0.026616482,0
1700080416.361516,0.02489521,0
1700080418.1844215,0.025153913,0
1700080420.7288623,0.03416918,0
1700080422.5753083,0.02985813,0
1700080423.2612152,0.989581,1
1700080424.1973815,0.028133009,0
1700080426.0887332,0.025668737,0
1700080428.823686,0.029376734,0
1700080440.125101,0.026607405,0
1700080440.4189105,0.029209752,0
1700080440.577327,0.02412228,0
1700080441.5241845,0.023372073,0
1700080441.6116948,0.99027526,1
1700080441.8683624,0.027235491,0
1700080442.004829,0.023441615,0
1700080442.970633,0.024585126,0
1700080443.42042,0.024585446,0
1700080444.1780088,0.025665887,0
1700080448.570073,0.98940945,1
1700080450.9502764,0.028355604,0
1700080453.9232085,0.03145881,0
1700080454.8838737,0.0279688,0
1700080454.9210908,0.025534257,0
1700080455.2054758,0.040967222,0
1700080457.045394,0.025816368,0
1700080459.24575,0.02567776,0
1700080459.308394,0.025213674,0
1700080459.7736404,0.027955586,0
1700080463.964161,0.027356507,0
1700080464.3390436,0.028217614,0
1700080464.8302162,0.025623377,0
1700080467.2401898,0.025192125,0
1700080469.214391,0.026198504,0
1700080471.3940394,0.02618034,0
1700080471.6205778,0.02323528,0
1700080472.6844876,0.028785218,0
1700080475.897719,0.029914273,0
1700080478.834936,0.027936026,0
1700080479.838417,0.13260007,0
1700080480.0011706,0.67487484,1
1700080480.6205034,0.9902503,1
1700080481.5656986,0.99029255,1
1700080482.1882305,0.025553212,0
1700080483.9414735,0.025022304,0
1700080486.6674109,0.02548081,0
1700080487.3667116,0.025851397,0
1700080487.7103293,0.9902712,1
1700080494.5203004,0.02632928,0
1700080495.0858626,0.06756182,0
1700080501.3144972,0.025927613,0
1700080502.0496497,0.02894593,0
1700080503.3636944,0.025817394,0
1700080505.8607795,0.028602522,0
1700080507.318141,0.027450534,0
1700080507.4757166,0.028625958,0
1700080509.6019633,0.9901956,1
1700080513.3541322,0.027742067,0
1700080521.1862216,0.99016947,1
1700080521.40273,0.05736961,0
1700080530.0737035,0.035231955,0
1700080530.927039,0.9902531,1
1700080531.0928693,0.9902587,1
1700080532.728481,0.027857592,0
1700080536.4195354,0.99020934,1
1700080536.7389295,0.026687179,0
1700080537.599342,0.02962931,0
1700080538.9008083,0.028003382,0
1700080539.1855829,0.87641644,1
1700080539.9415843,0.028037678,0
1700080545.1979969,0.026198806,0
1700080546.1120198,0.029681591,0
1700080546.7616346,0.025940387,0
1700080549.4619496,0.9903093,1
1700080550.6001418,0.02616841,0
1700080552.0171418,0.028547667,0
1700080552.0306623,0.028709643,0
1700080552.2753603,0.025465732,0
1700080554.8271954,0.02671038,0
1700080556.3538296,0.025444018,0
1700080556.449178,0.02318832,0
1700080557.198558,0.98951346,1
1700080561.354439,0.99015254,1
1700080561.4149194,0.025457364,0
1700080564.9205213,0.9901398,1
1700080566.3945546,0.02630417,0
1700080569.468619,0.025247425,0
1700080569.5418596,0.9903412,1
1700080570.2355585,0.023957625,0
1700080570.672218,0.025405474,0
1700080576.358933,0.026608547,0
1700080580.6361697,0.99044234,1
1700080583.6406302,0.027197842,0
1700080588.1519775,0.026879806,0
1700080590.7486646,0.0384049,0
1700080592.3341928,0.9902158,1
1700080592.7212367,0.9900295,1
1700080592.9290144,0.026619764,0
1700080594.2174268,0.05379133,0
1700080594.892992,0.04532913,0
1700080595.6162498,0.027346883,0
1700080596.8736014,0.02852716,0
1700080598.4380198,0.026497284,0
1700080600.2992346,0.025930822,0
1700080601.201529,0.9900406,1
1700080605.9646473,0.03282277,0
1700080606.6530757,0.026429826,0
1700080606.9969935,0.99061793,1
1700080611.3035846,0.026027272,0
1700080611.735324,0.026492435,0
1700080611.776472,0.024018504,0
1700080612.747242,0.026073892,0
1700080613.041073,0.025050104,0
1700080615.3889115,0.98970944,1
1700080616.2663636,0.025337188,0
1700080621.6556754,0.040547483,0
1700080625.3410397,0.9903736,1
1700080626.2449472,0.022550587,0
1700080626.9326766,0.9905089,1
1700080627.834655,0.027497696,0
1700080632.1461184,0.98987246,1
1700080635.038756,0.02461531,0
1700080638.6707714,0.02671795,0
1700080638.7618272,0.10782835,0
1700080640.3851051,0.026529076,0
1700080640.8053577,0.9897619,1
1700080641.3754025,0.026926495,0
1700080643.1146903,0.99040496,1
1700080644.5789232,0.990529,1
1700080649.3027835,0.99020094,1
1700080649.441895,0.41928786,0
1700080649.7084846,0.9904641,1
1700080650.829933,0.9893896,1
1700080653.2948382,0.99046665,1
1700080653.737781,0.9898017,1
1700080654.1748023,0.024862783,0
1700080658.0676916,0.025588743,0
1700080658.1197145,0.33571646,0
1700080659.996682,0.024146568,0
1700080660.0993326,0.9894979,1
1700080661.070547,0.039162617,0
1700080666.3158748,0.024897594,0
1700080666.9374335,0.022701163,0
1700080669.4564772,0.027305102,0
1700080669.914206,0.026229128,0
1700080670.5182338,0.026181098,0
1700080671.5004897,0.024922322,0
1700080674.857746,0.9902706,1
1700080675.2900643,0.023826765,0
1700080677.3024142,0.9882294,1
1700080680.628194,0.99066925,1
1700080680.6510956,0.025059255,0
1700080681.3477256,0.02519993,0
1700080681.9264803,0.024987958,0
1700080683.282612,0.025138455,0
1700080684.5806713,0.99049664,1
1700080684.977294,0.99045485,1
1700080689.128909,0.027158469,0
1700080691.0216384,0.025018958,0
1700080699.256877,0.026441252,0
1700080699.2617204,0.025380569,0
1700080699.947379,0.026246525,0
1700080700.6754954,0.027122034,0
1700080701.8983097,0.03550259,0
1700080703.1550057,0.02411288,0
1700080703.3156176,0.025019186,0
1700080703.4993708,0.02744074,0
1700080703.5667756,0.029415546,0
1700080706.2860565,0.029433884,0
1700080706.4651566,0.98964953,1
1700080707.3977597,0.02772601,0
1700080709.6460445,0.99077225,1
1700080709.821557,0.025440924,0
1700080715.144426,0.02586787,0
1700080715.8187685,0.029570965,0
1700080716.7540224,0.028704697,0
1700080717.192768,0.43049127,0
1700080720.3252406,0.038869973,0
1700080720.9174066,0.028667511,0
1700080721.7332146,0.02418173,0
1700080722.7513037,0.026291225,0
1700080723.9744704,0.99012744,1
1700080724.2199578,0.99046385,1
1700080728.3868885,0.026936851,0
1700080733.3063602,0.031345055,0
1700080733.5172756,0.99017453,1
1700080734.3137736,0.027168164,0
1700080735.01852,0.98950493,1
1700080737.6429372,0.98985124,1
1700080743.9274223,0.023141665,0
1700080744.0281627,0.028373657,0
1700080744.7873137,0.024556562,0
1700080745.7377453,0.024328187,0
1700080746.538196,0.024044463,0
1700080748.7913384,0.08025646,0
1700080748.8787358,0.027365535,0
1700080751.7802017,0.028195875,0
1700080753.4834108,0.026809663,0
1700080756.4906745,0.02656704,0
1700080757.4451036,0.98946255,1
1700080757.602805,0.026234694,0
1700080759.6554987,0.025831595,0
1700080759.9421449,0.02435525,0
1700080760.5831935,0.35894474,0
1700080760.7160838,0.026443793,0
1700080761.6999085,0.99052835,1
1700080762.7602942,0.027555112,0
1700080767.0904226,0.98766756,1
1700080769.6386266,0.024406934,0
1700080771.0657434,0.027142223,0
1700080771.5548654,0.028700499,0
1700080773.911441,0.024708591,0
1700080777.7921977,0.025823276,0
1700080782.5225012,0.2775328,0
1700080782.6963365,0.99010336,1
1700080785.979591,0.02716433,0
1700080789.0799427,0.9899831,1
1700080789.4066749,0.02548744,0
1700080790.25912,0.026473898,0
1700080790.3980489,0.027212026,0
1700080791.1390655,0.027994705,0
1700080792.0443716,0.9903803,1
1700080794.1975355,0.02945942,0
1700080795.636876,0.026194312,0
1700080796.5534828,0.02523099,0
1700080797.0665567,0.9898545,1
1700080797.104988,0.9896889,1
1700080800.566888,0.02707118,0
1700080801.8451788,0.024969757,0
1700080802.1549208,0.99034774,1
1700080803.2273066,0.07926261,0
1700080803.2960503,0.99009484,1
1700080803.729983,0.023734763,0
1700080804.8991868,0.022820923,0
1700080806.5687382,0.025194166,0
1700080807.034303,0.9900822,1
1700080807.8920524,0.02576118,0
1700080810.1023097,0.023681536,0
1700080811.1332064,0.024450509,0
1700080811.3480284,0.9900041,1
1700080812.6500752,0.024483314,0
1700080817.0376947,0.04539106,0
1700080819.5381756,0.02484394,0
1700080819.9429984,0.03571384,0
1700080820.1679294,0.9899504,1
1700080824.2227647,0.026205972,0
1700080833.8554423,0.138524,0
1700080835.4217126,0.023634883,0
1700080836.891963,0.025513265,0
1700080839.914833,0.9899546,1
1700080840.990679,0.025033295,0
1700080842.7498405,0.07880323,0
1700080843.0415697,0.025733024,0
1700080843.1847432,0.07578741,0
1700080844.5865736,0.9899934,1
1700080846.2877705,0.023266083,0
1700080847.329763,0.024530627,0
1700080848.589043,0.99008536,1
1700080849.4054968,0.024692588,0
1700080852.4249053,0.9900932,1
1700080852.535185,0.7887599,1
1700080854.1086578,0.9897754,1
1700080856.2729058,0.022134606,0
1700080856.9685855,0.022971986,0
1700080857.4624383,0.9899324,1
1700080863.8821497,0.98997223,1
1700080864.2077713,0.028974324,0
1700080865.8055751,0.023904651,0
1700080866.0854805,0.03573111,0
1700080868.416653,0.6369667,1
1700080870.3338149,0.025631158,0
1700080871.18846,0.023298368,0
1700080871.8703277,0.023363963,0
1700080876.3008685,0.024609083,0
1700080876.9018953,0.025341528,0
1700080878.297552,0.9899837,1
1700080880.9328873,0.9901192,1
1700080885.833552,0.023080757,0
1700080887.4351351,0.9902096,1
1700080888.4347022,0.022973042,0
1700080888.711958,0.0655186,0
1700080888.93426,0.06672114,0
1700080888.994949,0.023700105,0
1700080889.7608564,0.023511352,0
1700080889.7664464,0.024305739,0
1700080890.1917746,0.9902203,1
1700080890.752947,0.024648637,0
1700080892.480332,0.023835113,0
1700080894.318009,0.028326591,0
1700080896.781628,0.9899586,1
1700080898.6136763,0.029348368,0
1700080900.1470418,0.025449572,0
1700080900.627297,0.9898353,1
1700080901.2778735,0.02455692,0
1700080901.5287204,0.032910664,0
1700080909.2307348,0.08899473,0
1700080915.1375864,0.023427336,0
1700080920.3695245,0.02527623,0
1700080920.3834095,0.024305018,0
1700080923.5680687,0.025170198,0
1700080925.9794233,0.9904241,1
1700080926.5966818,0.03007006,0
1700080928.5275762,0.02720139,0
1700080931.4801257,0.026751189,0
1700080932.138385,0.023664191,0
1700080932.543749,0.19326834,0
1700080933.586876,0.032789987,0
1700080934.352191,0.9903137,1
1700080939.6842062,0.024482101,0
1700080940.7544646,0.023564735,0
1700080941.5710702,0.026990142,0
1700080941.618141,0.024528643,0
1700080942.195832,0.024950163,0
1700080943.626039,0.025766239,0
1700080943.6642432,0.027196456,0
1700080945.2952502,0.026372904,0
1700080949.9796598,0.023598228,0
1700080950.6124597,0.12510748,0
1700080952.0509722,0.02405245,0
1700080953.3717723,0.025054436,0
1700080961.0456386,0.055521462,0
1700080961.3732872,0.025313027,0
1700080964.8473768,0.99004936,1
1700080965.553688,0.025723103,0
1700080966.0623157,0.02251141,0
1700080966.1972976,0.9905014,1
1700080966.279075,0.023759443,0
1700080967.830914,0.024118016,0
1700080968.3558135,0.024253134,0
1700080969.8912578,0.024718743,0
1700080969.8928218,0.6753182,1
1700080970.8162951,0.025691397,0
1700080971.5734775,0.025611231,0
1700080971.6714866,0.026727077,0
1700080972.9542563,0.9902806,1
1700080973.5361242,0.024779705,0
1700080974.647477,0.025963916,0
1700080976.46371,0.024054581,0
1700080979.0856912,0.023143379,0
1700080980.154884,0.029402694,0
1700080981.1231992,0.025396988,0
1700080983.8558369,0.026884438,0
1700080986.9030812,0.023042722,0
1700080992.9079125,0.021943126,0
1700080993.6128814,0.9903881,1
1700080998.5354383,0.028613353,0
1700080998.86048,0.024683148,0
1700081001.4367664,0.9904261,1
1700081003.897102,0.026501114,0
1700081004.0268478,0.024597587,0
1700081004.8710537,0.025015151,0
1700081011.5419345,0.026375046,0
1700081014.9176688,0.99011225,1
1700081015.4012806,0.024474105,0
1700081015.9086688,0.90086067,1
1700081016.7428136,0.02498625,0
1700081016.9929905,0.032212928,0
1700081019.6073022,0.78448987,1
1700081021.4652708,0.9899094,1
1700081027.760074,0.9904772,1
1700081031.034062,0.023902504,0
1700081032.0779283,0.028444467,0
1700081034.7947478,0.023548549,0
1700081035.6790414,0.024712717,0
1700081036.0905678,0.022901345,0
1700081037.495754,0.028379899,0
1700081039.9593933,0.026902935,0
1700081040.709938,0.02740188,0
1700081044.2944613,0.024349192,0
1700081044.9556322,0.9891264,1
1700081045.344998,0.98973584,1
1700081046.566553,0.031900577,0
1700081049.320547,0.024477497,0
1700081050.9817898,0.023778489,0
1700081051.0762224,0.02445821,0
1700081054.085057,0.029677436,0
1700081054.6298602,0.027302943,0
1700081055.3801255,0.024959365,0
1700081055.878943,0.038440414,0
1700081056.7259698,0.025542257,0
1700081058.7490554,0.7130915,1
1700081059.6306686,0.21580175,0
1700081063.1323078,0.98933524,1
1700081065.5256064,0.022134984,0
1700081068.460822,0.028133223,0
1700081072.3026035,0.02332339,0
1700081072.595043,0.9890938,1
1700081073.068222,0.025442392,0
1700081075.7965877,0.025589226,0
1700081077.0423553,0.02908428,0
1700081079.3897555,0.028071543,0
1700081080.1202805,0.0300479,0
1700081082.6828632,0.51425964,1
1700081085.5946977,0.023570754,0
1700081086.4499974,0.02594908,0
1700081087.3606584,0.026250752,0
1700081087.9669816,0.100751,0
1700081090.1408076,0.02564283,0
1700081093.3217084,0.9900518,1
1700081093.7368834,0.022284871,0
1700081094.6012552,0.024445118,0
1700081095.5242248,0.9891667,1
1700081095.8986623,0.022928085,0
1700081097.682377,0.026682371,0
1700081098.3394885,0.9907051,1
1700081099.8293912,0.9888122,1
1700081100.4965456,0.024264993,0
1700081100.8381298,0.024184337,0
1700081101.1896906,0.8247953,1
1700081103.114946,0.028052898,0
1700081103.3040671,0.9903898,1
1700081105.6400278,0.027223036,0
1700081105.976966,0.98955977,1
1700081110.3555157,0.02520339,0
1700081110.4141166,0.024011338,0
1700081114.265722,0.027294004,0
1700081114.8897886,0.9890091,1
1700081116.1661866,0.023540638,0
1700081121.7859757,0.0237133,0
1700081122.129044,0.9899272,1
1700081124.1850846,0.023767235,0
1700081125.9559324,0.025798129,0
1700081128.6529744,0.024984365,0
1700081130.8583443,0.99018455,1
1700081132.6127632,0.024613643,0
1700081133.812226,0.49239948,0
1700081133.89679,0.025692504,0
1700081137.9220836,0.045809988,0
1700081140.090955,0.024251893,0
1700081141.7607894,0.023333428,0
1700081142.1815689,0.99014354,1
1700081144.7059815,0.98977983,1
1700081146.950298,0.09851821,0
1700081147.017323,0.9900131,1
1700081147.8687842,0.02338374,0
1700081148.9341753,0.032321237,0
1700081158.011572,0.024541892,0
1700081158.034731,0.02413767,0
1700081160.977261,0.023330214,0
1700081166.1439295,0.99030054,1
1700081166.4679644,0.02434205,0
1700081169.059567,0.023760865,0
1700081169.7761502,0.025729356,0
1700081170.1429667,0.032218024,0
1700081170.285028,0.023318809,0
1700081172.4917357,0.02402611,0
1700081175.695304,0.80819225,1
1700081176.00078,0.023462538,0
1700081176.5851874,0.033743333,0
1700081177.142813,0.99013513,1
1700081177.6449368,0.07117016,0
1700081180.1826477,0.027546348,0
1700081180.4597747,0.026073152,0
1700081180.6063962,0.052271236,0
1700081180.706489,0.023387527,0
1700081181.6421142,0.025546566,0
1700081184.4269054,0.025419105,0
1700081184.838966,0.033157773,0
1700081186.0205977,0.07744577,0
1700081191.97533,0.10629377,0
1700081192.007335,0.02484903,0
1700081192.4286244,0.02375676,0
1700081192.8279507,0.023744376,0
1700081193.8765905,0.035705466,0
1700081197.761341,0.9904468,1
1700081199.937667,0.02492623,0
1700081202.553285,0.024320155,0
1700081205.5070057,0.9898379,1
1700081206.3686273,0.024239263,0
1700081206.3952577,0.02804449,0
1700081208.3588607,0.9902401,1
1700081208.490899,0.9900034,1
1700081209.370654,0.9902925,1
1700081209.9752886,0.024642272,0
1700081210.244125,0.9900685,1
1700081210.2816055,0.024373809,0
1700081211.7520623,0.98998016,1
1700081214.3895228,0.024357943,0
1700081215.364359,0.034692284,0
1700081219.412285,0.03717003,0
1700081219.9871423,0.16633406,0
1700081219.9893212,0.025758877,0
1700081221.045446,0.040134944,0
1700081222.5249448,0.9793729,1
1700081223.6362488,0.02597946,0
1700081224.798412,0.026457088,0
1700081226.7495835,0.022765452,0
1700081227.7090216,0.9899458,1
1700081229.228146,0.022696767,0
1700081233.9166389,0.024713209,0
1700081240.6004164,0.027298957,0
1700081245.224908,0.027227039,0
1700081251.5308597,0.9900557,1
1700081252.108183,0.99018574,1
1700081255.308081,0.99005985,1
1700081262.300123,0.023779266,0
1700081262.4936926,0.02602286,0
1700081262.8068871,0.9899519,1
1700081263.1637654,0.023080835,0
1700081268.6300776,0.9898838,1
1700081275.861522,0.02405857,0
1700081276.188504,0.044890195,0
1700081276.5676005,0.9902768,1
1700081279.640033,0.4863626,0
1700081281.2386096,0.021855395,0
1700081282.034805,0.9899565,1
1700081283.378215,0.023911107,0
1700081284.0303235,0.98981804,1
1700081287.8040211,0.022957223,0
1700081288.325385,0.02318111,0
1700081292.1707478,0.023455732,0
1700081293.512171,0.023603145,0
1700081293.7263353,0.653879,1
1700081295.9442146,0.023507794,0
1700081299.8592618,0.02856894,0
1700081300.176864,0.027949411,0
1700081303.7163548,0.032701086,0
1700081305.4592829,0.031252544,0
1700081306.2104516,0.04787858,0
1700081307.1252933,0.023312358,0
1700081310.0476906,0.02771219,0
1700081311.396637,0.023428677,0
1700081319.684836,0.046904236,0
1700081320.0092363,0.02477198,0
1700081321.536786,0.023729244,0
1700081323.4081106,0.02255673,0
1700081324.075707,0.026104497,0
1700081324.1666012,0.99025714,1
1700081325.3673382,0.023461588,0
1700081328.9699385,0.03837544,0
1700081333.016924,0.040897198,0
1700081333.7161806,0.022695685,0
1700081337.0619717,0.9901155,1
1700081339.2318342,0.02681061,0
1700081342.1619952,0.023122672,0
1700081342.679444,0.9899014,1
1700081346.1363144,0.0238057,0
1700081348.5970888,0.023665823,0
1700081348.9884248,0.022935875,0
1700081350.178871,0.023177944,0
1700081350.5199535,0.9900865,1
1700081352.0088902,0.023533056,0
1700081356.422626,0.13817754,0
1700081358.602701,0.025019065,0
1700081359.2057862,0.025307847,0
1700081359.2696772,0.6822244,1
1700081359.3751352,0.03332989,0
1700081361.5073323,0.0772671,0
1700081364.7087069,0.03760591,0
1700081371.5689194,0.027082229,0
1700081371.5709362,0.022930494,0
1700081372.062333,0.025264792,0
1700081372.5298562,0.024874626,0
1700081373.065802,0.024350822,0
1700081375.7786114,0.024229882,0
1700081376.4603229,0.0243186,0
1700081382.848981,0.027521143,0
1700081383.0870051,0.023951868,0
1700081384.8173327,0.024525084,0
1700081387.2110314,0.022909071,0
1700081389.345605,0.026416369,0
1700081394.5193598,0.024541162,0
1700081398.735475,0.99021626,1
1700081399.0645752,0.9893142,1
1700081399.9400256,0.025769746,0
1700081401.2714984,0.97235715,1
1700081402.231349,0.9903218,1
1700081403.8494542,0.025922734,0
1700081405.245923,0.0276615,0
1700081407.8326538,0.19155023,0
1700081408.232559,0.026519284,0
1700081408.7804413,0.024615629,0
1700081411.7365289,0.028740982,0
1700081412.5757527,0.025145585,0
1700081414.2678251,0.030125432,0
1700081414.6302364,0.990298,1
1700081416.1577926,0.023185024,0
1700081416.5406778,0.9904204,1
1700081421.148006,0.03645442,0
1700081421.3774238,0.022733452,0
1700081423.9604454,0.08134918,0
1700081426.2634742,0.02480153,0
1700081426.3949466,0.02633176,0
1700081428.1987045,0.025318082,0
1700081428.8569777,0.024607234,0
1700081431.0570576,0.024001757,0
1700081431.715851,0.0602392,0
1700081432.9578388,0.024123099,0
1700081436.6582556,0.024869552,0
1700081439.5375736,0.024738785,0
1700081441.4284058,0.025499927,0
1700081443.041908,0.024444824,0
1700081443.5868998,0.025067309,0
1700081444.312394,0.026250571,0
1700081445.6643388,0.025080005,0
1700081447.93175,0.03061819,0
1700081448.3350878,0.02614469,0
1700081448.663763,0.026744204,0
1700081449.6091518,0.02549749,0
1700081453.0118177,0.02568172,0
1700081458.5795534,0.027897628,0
1700081462.70788,0.026435925,0
1700081465.177967,0.024679486,0
1700081466.521629,0.024212228,0
1700081466.7757566,0.7650024,1
1700081468.1618104,0.024281217,0
1700081469.9545496,0.9905601,1
1700081470.3966782,0.026404005,0
1700081470.9116304,0.034722716,0
1700081471.9655228,0.02507825,0
1700081472.253057,0.025847604,0
1700081474.1244032,0.023082094,0
1700081474.4247804,0.023441194,0
1700081474.5252993,0.9902857,1
1700081475.2707772,0.028176075,0
1700081475.71432,0.027891263,0
1700081476.921423,0.02565302,0
1700081477.0577595,0.025519498,0
1700081477.172644,0.99022967,1
1700081479.93272,0.02682859,0
1700081482.064906,0.028032312,0
1700081485.184333,0.045059256,0
1700081485.7124724,0.0289589,0
1700081487.1755457,0.02783615,0
1700081487.1839657,0.030391263,0
1700081487.664426,0.02443974,0
1700081489.4253747,0.9899104,1
1700081489.702075,0.026713682,0
1700081490.2470143,0.9906222,1
1700081493.149407,0.024230666,0
1700081493.552312,0.025471866,0
1700081495.4856358,0.028474633,0
1700081497.7821884,0.99060094,1
1700081500.192005,0.024551487,0
1700081504.5765922,0.027172988,0
1700081505.7348535,0.9888868,1
1700081509.1143277,0.027838187,0
1700081510.4130974,0.14894336,0
1700081512.5265346,0.028537635,0
1700081513.765289,0.066326424,0
1700081516.3937972,0.024948604,0
1700081517.0708592,0.02649647,0
1700081519.3137293,0.027433608,0
1700081519.5215845,0.064059496,0
1700081521.1199496,0.02575156,0
1700081521.893332,0.03202306,0
1700081527.1413934,0.14240406,0
1700081528.7520912,0.024053788,0
1700081530.0342658,0.023636835,0
1700081531.2799451,0.024826676,0
1700081531.3009598,0.025394455,0
1700081531.5396967,0.025895355,0
1700081533.6684046,0.0349892,0
1700081533.75695,0.026885638,0
1700081539.5354333,0.02850367,0
1700081545.2246697,0.078873046,0
1700081546.087604,0.024331663,0
1700081548.8941245,0.024375796,0
1700081549.6421149,0.027181452,0
1700081549.647303,0.026582388,0
1700081551.4835303,0.028916292,0
1700081551.5912778,0.025014859,0
1700081551.890028,0.025527714,0
1700081552.3991086,0.025734443,0
1700081553.0683105,0.024433222,0
1700081555.0088918,0.025853852,0
1700081557.5622604,0.9901411,1
1700081559.9247148,0.025301883,0
1700081563.6024714,0.026387358,0
1700081564.0588944,0.02643833,0
1700081566.9457488,0.026054634,0
1700081567.302602,0.026795203,0
1700081568.141924,0.025323309,0
1700081568.501866,0.0329861,0
1700081568.62567,0.025935818,0
1700081571.395904,0.025753876,0
1700081578.350077,0.029241633,0
1700081580.3217385,0.027955426,0
1700081582.6370018,0.027974417,0
1700081583.4146633,0.03023972,0
1700081584.4997714,0.025245534,0
1700081584.6116462,0.49019426,0
1700081590.3437307,0.9900691,1
1700081590.5463884,0.027324155,0
1700081591.1277554,0.027287437,0
1700081592.231531,0.1146382,0
1700081598.7387116,0.027446155,0
1700081600.6579103,0.02900857,0
1700081601.9770246,0.028077483,0
1700081602.7080834,0.026718585,0
1700081602.8705904,0.026820164,0
1700081605.9452276,0.024569511,0
1700081606.5204096,0.023860281,0
1700081608.0520608,0.026331058,0
1700081609.7204456,0.029689008,0
1700081610.6773255,0.028548094,0
1700081611.9579277,0.026783803,0
1700081615.0026314,0.026294084,0
1700081615.0746052,0.026897442,0
1700081615.416202,0.025265759,0
1700081616.606213,0.027585754,0
1700081618.3548994,0.026896793,0
1700081621.092018,0.026763251,0
1700081621.284481,0.99029934,1
1700081621.889039,0.027469454,0
1700081623.8389049,0.026631305,0
1700081630.8551624,0.028767409,0
1700081631.1833165,0.02664747,0
1700081633.2383697,0.52202594,1
1700081638.5095592,0.989907,1
1700081640.12802,0.026005508,0
1700081640.552237,0.99039876,1
1700081641.7674005,0.027268771,0
1700081646.2944083,0.029723272,0
1700081647.012493,0.027239924,0
1700081647.4343903,0.026980957,0
1700081647.7149808,0.02800978,0
1700081648.1323247,0.99023235,1
1700081652.4573965,0.025530105,0
1700081653.3816743,0.026628852,0
1700081655.2561245,0.02619055,0
1700081655.3540783,0.03352017,0
1700081658.0329309,0.02711063,0
1700081658.5626512,0.026301995,0
1700081658.9231997,0.026939822,0
1700081659.458524,0.13446881,0
1700081662.9773366,0.029370235,0
1700081664.0868418,0.028806617,0
1700081665.1207976,0.056518678,0
1700081665.175522,0.029638141,0
1700081667.6434176,0.026011785,0
1700081667.7760575,0.033970967,0
1700081667.7765915,0.9902981,1
1700081671.3484137,0.025835296,0
1700081671.4876776,0.028789172,0
1700081671.6725638,0.039982095,0
1700081675.7328975,0.03441439,0
1700081679.763204,0.025626587,0
1700081681.113725,0.025179908,0
1700081681.510493,0.0250592,0
1700081681.8566294,0.02665404,0
1700081682.1179397,0.99029887,1
1700081684.0589058,0.02386106,0
1700081684.972305,0.18021093,0
1700081687.4968958,0.028008465,0
1700081688.216595,0.9903167,1
1700081690.8074913,0.025630571,0
1700081691.008006,0.9905467,1
1700081692.414997,0.024419583,0
1700081694.752035,0.99039626,1
1700081695.1222866,0.02379829,0
1700081698.174978,0.023622902,0
1700081699.772619,0.025502516,0
1700081703.6685977,0.0288396,0
1700081705.669977,0.024356868,0
1700081707.6916506,0.024059352,0
1700081708.7612784,0.026529478,0
1700081709.728376,0.025665961,0
1700081709.924193,0.99037546,1
1700081712.6220393,0.025618127,0
1700081715.7296534,0.02570367,0
1700081715.936416,0.028437212,0
1700081716.1447067,0.028151622,0
1700081717.5213523,0.07865404,0
1700081720.012659,0.027175419,0
1700081720.1569605,0.05949621,0
1700081724.2387533,0.44967648,0
1700081724.4875965,0.024617497,0
1700081724.677885,0.026782889,0
1700081724.9489102,0.025187118,0
1700081725.2238357,0.98962736,1
1700081727.637812,0.026401618,0
1700081727.6688972,0.02418891,0
1700081728.830513,0.025556877,0
1700081730.149928,0.9899928,1
1700081730.3777528,0.9905003,1
1700081731.2398968,0.9898782,1
1700081732.3164876,0.99005616,1
1700081734.279953,0.025018632,0
1700081736.291037,0.06584869,0
1700081736.4726014,0.02181621,0
1700081737.3250608,0.024478719,0
1700081737.609643,0.024920454,0
1700081743.4004202,0.023750227,0
1700081744.7685025,0.024786152,0
1700081747.364749,0.98931783,1
1700081749.21783,0.030679213,0
1700081750.701001,0.03174878,0
1700081752.6679692,0.9904081,1
1700081753.1422515,0.031137098,0
1700081753.982191,0.030704781,0
1700081754.4537735,0.025314512,0
1700081755.7064774,0.9903779,1
1700081756.41448,0.05956012,0
1700081761.5377312,0.038636602,0
1700081762.444614,0.026309239,0
1700081763.787248,0.025708374,0
1700081769.089825,0.99069643,1
1700081769.1457844,0.048632782,0
1700081771.829588,0.84757084,1
1700081781.577039,0.028385295,0
1700081784.0174956,0.02408947,0
1700081789.552217,0.022599647,0
1700081789.7568858,0.98984617,1
1700081789.906057,0.03803185,0
1700081790.367706,0.025389228,0
1700081796.2101924,0.026905585,0
1700081802.551131,0.04461353,0
1700081803.022667,0.9903985,1
1700081803.313225,0.02497185,0
1700081804.0100398,0.0258206,0
1700081806.6445694,0.025269812,0
1700081806.828818,0.025005236,0
1700081807.4334595,0.9901883,1
1700081807.856601,0.99033535,1
1700081810.0076845,0.99019593,1
1700081812.9867387,0.035535652,0
1700081813.7308965,0.025077803,0
1700081813.913376,0.02336549,0
1700081816.247687,0.9894531,1
1700081817.216711,0.022978084,0
1700081819.9762578,0.025137415,0
1700081820.3552814,0.02461085,0
1700081821.7993526,0.025115384,0
1700081827.1241384,0.990114,1
1700081828.2787695,0.024270937,0
1700081830.090657,0.9897484,1
1700081831.566971,0.025810115,0
1700081832.7740707,0.98999465,1
1700081833.0230048,0.024092736,0
1700081833.5545678,0.9903312,1
1700081835.1155326,0.025159467,0
1700081842.822229,0.022017721,0
1700081847.042308,0.9905129,1
1700081847.4253623,0.023385452,0
1700081850.9040742,0.024486538,0
1700081852.670729,0.025174329,0
1700081854.9176452,0.024990942,0
1700081858.168205,0.9899013,1
1700081859.7048109,0.02492641,0
1700081860.3658106,0.021448698,0
1700081861.044166,0.025254933,0
1700081861.0738275,0.024881648,0
1700081867.6091394,0.9897703,1
1700081868.572772,0.024762264,0
1700081869.2597244,0.024733575,0
1700081871.2177808,0.026207058,0
1700081871.9691603,0.0245936,0
1700081872.6126866,0.9906879,1
1700081873.5190225,0.025215073,0
1700081873.9713168,0.02393857,0
1700081874.1305962,0.025490988,0
1700081874.665706,0.025426392,0
1700081874.9723582,0.55352986,1
1700081876.141255,0.99047476,1
1700081881.221305,0.025578171,0
1700081881.523205,0.02649534,0
1700081882.2101734,0.024446143,0
1700081882.9862423,0.026256239,0
1700081883.7827437,0.026800668,0
1700081887.507937,0.02605916,0
1700081888.5595646,0.043725792,0
1700081889.105312,0.988504,1
1700081889.822743,0.02511141,0
1700081889.9622424,0.025398282,0
1700081890.1873772,0.0246985,0
1700081890.7068129,0.023257086,0
1700081894.2328727,0.023562038,0
1700081895.1028187,0.024504375,0
1700081895.1658292,0.990445,1
1700081896.036777,0.99007076,1
1700081896.1550624,0.65057534,1
1700081896.3077142,0.021890786,0
1700081896.684599,0.75349975,1
1700081897.5214753,0.023324583,0
1700081897.6452844,0.026480854,0
1700081897.6916404,0.022862474,0
1700081897.710332,0.028685851,0
1700081899.465316,0.026020436,0
1700081900.9236844,0.42351443,0
1700081902.7753017,0.031220699,0
1700081902.9745395,0.024997054,0
1700081907.89847,0.9900898,1
1700081909.614343,0.025181277,0
1700081912.4076235,0.98899287,1
1700081912.8676634,0.026082175,0
1700081914.9664714,0.025449438,0
1700081917.155522,0.025973747,0
1700081917.3779786,0.028222675,0
1700081918.4901164,0.032310992,0
1700081919.6335368,0.023836194,0
1700081920.623054,0.022691356,0
1700081921.2476437,0.02625977,0
1700081922.4751272,0.027857646,0
1700081924.859831,0.023049481,0
1700081925.2503643,0.026715096,0
1700081926.4633732,0.9900399,1
1700081928.8430543,0.024397312,0
1700081928.8593223,0.022911817,0
1700081929.691618,0.9897466,1
1700081931.2049184,0.032259434,0
1700081944.2666175,0.05648988,0
1700081946.278454,0.026982522,0
1700081947.0907712,0.027311036,0
1700081951.4250107,0.9854778,1
1700081951.8654256,0.98948294,1
1700081952.1318183,0.99002177,1
1700081953.1447616,0.03270027,0
1700081956.1048973,0.026964236,0
1700081956.1369162,0.021711973,0
1700081956.4272425,0.9895125,1
1700081957.2214272,0.9901468,1
1700081960.2094655,0.022841746,0
1700081960.2915792,0.025587253,0
1700081961.9149067,0.02543256,0
1700081962.1548326,0.9899845,1
1700081962.7886372,0.023074405,0
1700081963.1895723,0.99002725,1
1700081966.668811,0.02239778,0
1700081968.1700969,0.9901696,1
1700081969.3373663,0.99002576,1
1700081969.7048328,0.9895891,1
1700081970.1559906,0.021335587,0
1700081971.5853975,0.024500646,0
1700081971.6376903,0.026033211,0
1700081972.0616567,0.029490666,0
1700081976.2011795,0.98711824,1
1700081976.7249584,0.98917514,1
1700081977.6250615,0.02579174,0
1700081978.5616574,0.032409646,0
1700081983.4790974,0.03500462,0
1700081984.468662,0.9893941,1
1700081984.8244712,0.025324589,0
1700081985.841275,0.9899294,1
1700081987.71987,0.028151358,0
1700081989.3700128,0.02615195,0
1700081989.677426,0.02485315,0
1700081990.50447,0.024639718,0
1700081994.5427294,0.024422362,0
1700081997.836172,0.9904135,1
1700082003.593146,0.025876043,0
1700082004.893281,0.025551224,0
1700082010.233595,0.023721851,0
1700082010.6986573,0.034203213,0
1700082010.712512,0.02624368,0
1700082015.6602032,0.9902891,1
1700082018.796322,0.9903605,1
1700082018.860885,0.02764461,0
1700082025.4457138,0.030871635,0
1700082026.2521253,0.024087459,0
1700082026.752602,0.99037,1
1700082028.7521555,0.025847968,0
1700082030.7039654,0.025320819,0
1700082031.6913595,0.0268115,0
1700082032.3825865,0.027496526,0
1700082033.7585752,0.023197906,0
1700082034.4623065,0.024362013,0
1700082036.4783914,0.02372789,0
1700082039.953961,0.027071418,0
1700082040.230995,0.023731275,0
1700082043.524433,0.02530273,0
1700082045.9155135,0.029138878,0
1700082046.5441017,0.02478079,0
1700082047.2619076,0.031338975,0
1700082054.917973,0.026731243,0
1700082057.2805138,0.07231731,0
1700082058.5041409,0.024811182,0
1700082060.6431415,0.9903018,1
1700082061.9558375,0.023260145,0
1700082063.9904523,0.025410851,0
1700082067.1487827,0.025236007,0
1700082068.6356292,0.026293851,0
1700082070.4779212,0.02514015,0
1700082072.077762,0.026750647,0
1700082075.8202522,0.9879239,1
1700082077.8121624,0.024176255,0
1700082078.8839233,0.02627588,0
1700082079.432362,0.9896383,1
1700082083.7593749,0.024793709,0
1700082084.4868991,0.99034446,1
1700082086.8989964,0.024531426,0
1700082087.0045,0.024874846,0
1700082087.062679,0.025506724,0
1700082089.3486602,0.026806246,0
1700082089.5280256,0.02621622,0
1700082089.72429,0.024016038,0
1700082090.164427,0.026898326,0
1700082092.0155733,0.990299,1
1700082092.2361536,0.02364967,0
1700082093.4651988,0.990549,1
1700082096.6418858,0.037918758,0
1700082097.9621873,0.96021026,1
1700082098.254896,0.028699625,0
1700082100.757253,0.03013492,0
1700082103.7931402,0.62207687,1
1700082103.8199203,0.9873214,1
1700082106.4372714,0.029439952,0
1700082107.8622053,0.023805005,0
1700082109.6595705,0.99028707,1
1700082110.2190154,0.026044412,0
1700082118.4814234,0.026862718,0
1700082121.4168105,0.026984746,0
1700082122.8653903,0.024837188,0
1700082126.8245976,0.9904703,1
1700082127.03238,0.024490459,0
1700082128.9578893,0.028861865,0
1700082135.4037788,0.048625037,0
1700082136.4718728,0.9904676,1
1700082137.4798975,0.9904232,1
1700082138.1222453,0.9897396,1
1700082138.962082,0.9901355,1
1700082139.8209186,0.990283,1
1700082141.1973126,0.99005216,1
1700082143.2475915,0.026972746,0
1700082144.064945,0.024954991,0
1700082147.7103732,0.026686998,0
1700082147.845448,0.9890148,1
1700082152.205593,0.027491247,0
1700082155.5493548,0.9907436,1
1700082155.8792746,0.02713171,0
1700082158.9148746,0.9901732,1
1700082161.3749566,0.69933,1
1700082161.9550653,0.034724943,0
1700082162.376212,0.024939967,0
1700082163.8448975,0.24282463,0
1700082164.448702,0.02647483,0
1700082166.2575426,0.026773702,0
1700082170.789676,0.027186178,0
1700082171.0445051,0.025437364,0
1700082171.395445,0.02795979,0
1700082173.7071526,0.026623921,0
1700082174.353516,0.9899889,1
1700082176.6474688,0.022748008,0
1700082176.6902242,0.032594346,0
1700082177.7558067,0.02610649,0
1700082178.0270526,0.030696565,0
1700082178.7750754,0.026790578,0
1700082178.909421,0.9899239,1
1700082180.1167245,0.029318485,0
1700082185.585081,0.029685479,0
1700082187.4247692,0.025062468,0
1700082187.8793306,0.034794614,0
1700082189.8296182,0.024714861,0
1700082189.83285,0.025926633,0
1700082191.2950575,0.026196945,0
1700082195.952468,0.99064296,1
1700082201.1267247,0.027658463,0
1700082204.4486485,0.027319973,0
1700082212.0159757,0.026652476,0
1700082213.6402876,0.9902034,1
1700082215.298375,0.02582411,0
1700082216.0628295,0.026524847,0
1700082216.2051022,0.02695842,0
1700082220.365203,0.027806396,0
1700082221.066209,0.024786217,0
1700082221.516997,0.99006677,1
1700082232.2879903,0.026008667,0
1700082237.4964557,0.025938533,0
1700082240.4981463,0.02770465,0
1700082242.3573418,0.9897488,1
1700082243.3265994,0.9902946,1
1700082246.0008,0.025073947,0
1700082246.8050811,0.027681997,0
1700082247.4380567,0.025614537,0
1700082248.9542303,0.11182741,0
1700082250.3006208,0.03562912,0
1700082255.0698552,0.025901522,0
1700082255.535149,0.9907855,1
1700082266.5683064,0.023446383,0
1700082267.265353,0.026983825,0
1700082267.8188806,0.02459111,0
1700082268.1139946,0.9898454,1
1700082271.0106945,0.9901889,1
1700082271.192108,0.02688375,0
1700082271.202841,0.027844185,0
1700082272.6725862,0.026238019,0
1700082272.869277,0.026729582,0
1700082274.5044062,0.96940416,1
1700082275.3171675,0.027039561,0
1700082277.86788,0.027089886,0
1700082279.5383844,0.9898279,1
1700082279.697353,0.98976266,1
1700082284.0648804,0.025749277,0
1700082284.5485277,0.025126789,0
1700082288.029135,0.025898952,0
1700082288.0296614,0.032201696,0
1700082290.509015,0.025656585,0
1700082290.7374413,0.026016824,0
1700082291.7193964,0.031200534,0
1700082292.0389063,0.99051636,1
1700082292.351177,0.9894928,1
1700082292.4390385,0.023883192,0
1700082292.7590036,0.027575627,0
1700082292.813485,0.030875985,0
1700082293.1554668,0.026897186,0
1700082293.7904508,0.025723739,0
1700082296.12901,0.028427733,0
1700082296.482918,0.026768258,0
1700082298.8736467,0.022677846,0
1700082310.3853664,0.029360391,0
1700082311.5683997,0.02362993,0
1700082312.0774326,0.07228206,0
1700082312.1646836,0.025191495,0
1700082314.913109,0.14856067,0
1700082316.904878,0.026945699,0
1700082317.3794696,0.98976046,1
1700082321.6936965,0.026873453,0
1700082325.885788,0.99047333,1
1700082326.7193775,0.99042785,1
1700082329.2619114,0.034043536,0
1700082329.358795,0.025109822,0
1700082332.9377906,0.067132734,0
1700082335.6345289,0.028004758,0
1700082335.9981544,0.0248768,0
1700082340.1564178,0.027969163,0
1700082341.9796848,0.99071234,1
1700082342.8176508,0.02411359,0
1700082346.2897823,0.025130339,0
1700082346.7585983,0.04278611,0
1700082348.409353,0.027468283,0
1700082349.282785,0.9896344,1
1700082349.3512282,0.026021773,0
1700082349.4160073,0.02616001,0
1700082352.8092415,0.027308017,0
1700082353.2855442,0.025800798,0
1700082355.512385,0.026248122,0
1700082357.6623518,0.029622346,0
1700082359.414915,0.024211958,0
1700082360.6035328,0.025903895,0
1700082361.3477073,0.9902941,1
1700082362.442863,0.02550371,0
1700082368.3112242,0.9904717,1
1700082371.5854526,0.025170593,0
1700082371.93246,0.99037266,1
1700082372.6259296,0.025333125,0
1700082374.9462483,0.026461575,0
1700082377.007212,0.9904813,1
1700082379.9778657,0.02561401,0
1700082380.9995313,0.03171249,0
1700082382.39435,0.033090007,0
1700082385.0988417,0.02536329,0
1700082386.593758,0.02617225,0
1700082389.0253534,0.9904406,1
1700082390.7994857,0.025569199,0
1700082391.7100325,0.029217556,0
1700082395.7903614,0.02814226,0
1700082398.1565175,0.9898801,1
1700082400.6743145,0.025311036,0
1700082402.186692,0.026790807,0
1700082404.4678135,0.025327204,0
1700082404.5620658,0.023552423,0
1700082409.3092675,0.025507702,0
1700082410.2541113,0.028439395,0
1700082412.0621507,0.026950717,0
1700082414.796468,0.028170476,0
1700082416.363381,0.990301,1
1700082416.847328,0.026918415,0
1700082416.9070954,0.03398496,0
1700082419.4677243,0.025642993,0
1700082424.2202778,0.9901439,1
1700082424.4908786,0.025398675,0
1700082426.1678624,0.025251737,0
1700082428.055621,0.032711282,0
1700082432.8568802,0.036750235,0
1700082432.934791,0.025890252,0
1700082433.830214,0.024653053,0
1700082434.1987326,0.026259061,0
1700082435.2465637,0.043297604,0
1700082435.6587613,0.02677102,0
1700082437.980832,0.02356801,0
1700082442.3791263,0.026136873,0
1700082443.499944,0.9903679,1
1700082443.6906495,0.026760543,0
1700082443.7425594,0.026002362,0
1700082446.719591,0.034732178,0
1700082448.1635103,0.024465526,0
1700082449.7151172,0.035509057,0
1700082450.546293,0.025535325,0
1700082453.3413725,0.027505238,0
1700082454.6495829,0.990547,1
1700082458.6961942,0.990031,1
1700082459.346533,0.99055064,1
1700082459.4629705,0.9903257,1
1700082460.6417584,0.024734063,0
1700082460.7228303,0.026319422,0
1700082461.2269084,0.99005264,1
1700082461.2980626,0.9887215,1
1700082461.5482583,0.024811188,0
1700082462.8416722,0.027902683,0
1700082463.2110877,0.027612258,0
1700082465.8281949,0.026927155,0
1700082469.3182566,0.028277153,0
1700082472.7717755,0.9902962,1
1700082473.377221,0.5636702,1
1700082474.1910272,0.02512737,0
1700082479.3569508,0.026443576,0
1700082481.4734824,0.026202029,0
1700082481.7610898,0.9904633,1
1700082484.6315527,0.026120612,0
1700082486.9813776,0.028209731,0
1700082487.4198427,0.024743076,0
1700082492.1213975,0.028542811,0
1700082492.9938562,0.02707913,0
1700082493.0891018,0.029070575,0
1700082496.6327374,0.02608934,0
1700082497.5529876,0.025947448,0
1700082502.906407,0.9902408,1
1700082504.5433528,0.024325836,0
1700082504.606504,0.2256853,0
1700082506.1907227,0.027283568,0
1700082509.3662598,0.028748335,0
1700082511.2898934,0.025009863,0
1700082512.4905934,0.030313259,0
1700082512.768558,0.026032744,0
1700082518.194768,0.024514437,0
1700082519.591079,0.43994173,0
1700082521.4831047,0.03408262,0
1700082521.718746,0.026249377,0
1700082524.4630072,0.0399046,0
1700082525.0110798,0.027335951,0
1700082525.989019,0.04779699,0
1700082526.144534,0.9897827,1
1700082527.3093965,0.029559115,0
1700082529.5066717,0.02917393,0
1700082529.6872337,0.025998613,0
1700082530.3749108,0.02527838,0
1700082531.4204805,0.024494387,0
1700082532.477663,0.025812907,0
1700082533.1229494,0.02515209,0
1700082533.8910508,0.028165685,0
1700082538.3058496,0.026827386,0
1700082539.472467,0.025774779,0
1700082539.652831,0.02687072,0
1700082540.0356889,0.032225348,0
1700082540.953365,0.02694501,0
1700082543.76466,0.027287295,0
1700082544.899671,0.9902366,1
1700082545.9380674,0.9895119,1
1700082547.8099113,0.025712354,0
1700082550.831864,0.025770184,0
1700082550.953194,0.026408693,0
1700082552.849024,0.024316994,0
1700082553.543719,0.028804895,0
1700082553.9230628,0.028303863,0
1700082556.992471,0.026679313,0
1700082559.4043612,0.025430126,0
1700082571.386977,0.02859089,0
1700082572.8265717,0.028228574,0
1700082572.957385,0.04155056,0
1700082574.2233298,0.028285464,0
1700082574.6255612,0.990072,1
1700082575.1983938,0.02711212,0
1700082576.6640322,0.03127753,0
1700082576.804617,0.026652928,0
1700082578.168898,0.02651802,0
1700082578.8023863,0.02495029,0
1700082579.3919132,0.9903038,1
1700082580.9850566,0.98976237,1
1700082582.278967,0.027683467,0
1700082583.617799,0.02738989,0
1700082583.9790466,0.9898314,1
1700082583.9877758,0.026548697,0
1700082585.397493,0.027504584,0
1700082587.200004,0.99061054,1
1700082588.0838373,0.025695944,0
1700082588.9698,0.98913723,1
1700082589.984898,0.9904051,1
1700082590.5263054,0.99061567,1
1700082590.849234,0.030432796,0
1700082592.829115,0.02924843,0
1700082593.764138,0.026252644,0
1700082593.8405623,0.027227584,0
1700082595.1221206,0.02711141,0
1700082598.1584966,0.02574436,0
1700082599.468917,0.025794433,0
1700082600.5276685,0.9891326,1
1700082601.0596728,0.026980206,0
1700082606.7196262,0.9885987,1
1700082609.3521152,0.02648951,0
1700082616.031268,0.9906977,1
1700082618.6261437,0.9890826,1
1700082621.4546332,0.026500387,0
1700082621.9398932,0.09856473,0
1700082622.438913,0.9895014,1
1700082622.7629828,0.027072258,0
1700082623.4994848,0.025398707,0
1700082624.2912705,0.025640847,0
1700082625.8853865,0.990446,1
1700082627.368768,0.026271142,0
1700082631.562682,0.031334475,0
1700082633.5425909,0.07600998,0
1700082633.8830285,0.026186941,0
1700082637.212672,0.02453595,0
1700082638.17376,0.9904565,1
1700082638.6518438,0.026862124,0
1700082639.0776465,0.025556093,0
1700082640.9839492,0.025176717,0
1700082643.3947449,0.027584707,0
1700082643.929816,0.025262944,0
1700082647.0083354,0.9897259,1
1700082652.5247364,0.026135763,0
1700082654.915551,0.029892985,0
1700082656.7381997,0.024982952,0
1700082656.7403586,0.027398096,0
1700082657.464312,0.99059993,1
1700082658.7186255,0.98938656,1
1700082660.918224,0.027601877,0
1700082661.621534,0.02626605,0
1700082666.9290724,0.989513,1
1700082667.8166263,0.02615106,0
1700082670.0860405,0.028270906,0
1700082673.835657,0.027461585,0
1700082674.0197058,0.025279503,0
1700082674.132367,0.026393604,0
1700082674.7221603,0.025792193,0
1700082675.3359642,0.989113,1
1700082675.7880049,0.98887175,1
1700082682.8918502,0.023749514,0
1700082688.6914032,0.026022393,0
1700082688.7074578,0.6780755,1
1700082689.0892496,0.5353867,1
1700082690.6083453,0.02545309,0
1700082690.7637782,0.029379621,0
1700082691.7000923,0.9905958,1
1700082691.8205607,0.024354517,0
1700082692.599607,0.025791762,0
1700082693.0676048,0.026257202,0
1700082696.0556457,0.025864799,0
1700082703.2287338,0.024817917,0
1700082704.1692345,0.025141684,0
1700082704.2284012,0.9898628,1
1700082705.377133,0.98764765,1
1700082707.1451323,0.027468054,0
1700082709.1043253,0.029205913,0
1700082709.1869442,0.027085235,0
1700082710.8525896,0.02322626,0
1700082711.3431427,0.026882418,0
1700082711.5494492,0.025736628,0
1700082714.4057486,0.025529677,0
1700082715.6938848,0.029613262,0
1700082723.1860912,0.9904047,1
1700082723.2217617,0.03132275,0
1700082724.7981615,0.027218597,0
1700082726.6627808,0.97177124,1
1700082727.5087082,0.025258528,0
1700082728.8673823,0.026055427,0
1700082729.394523,0.98907405,1
1700082730.2669222,0.9899155,1
1700082730.377264,0.028440682,0
1700082730.5638618,0.026071047,0
1700082731.3071604,0.024307178,0
1700082733.3015888,0.026538739,0
1700082734.3367865,0.02754369,0
1700082734.5194333,0.9904592,1
1700082735.293776,0.027729029,0
1700082737.2947912,0.026825566,0
1700082737.779734,0.990555,1
1700082738.38464,0.9907102,1
1700082739.2772076,0.034523714,0
1700082742.4318411,0.032391828,0
1700082742.9080546,0.02436777,0
1700082743.6908202,0.025425842,0
1700082745.6153803,0.9896904,1
1700082746.4467416,0.026507374,0
1700082747.5049143,0.025229434,0
1700082750.5221882,0.025026537,0
1700082753.049705,0.9906082,1
1700082755.5551727,0.9905826,1
1700082756.6900103,0.9894617,1
1700082760.5751183,0.9890933,1
1700082761.125238,0.027433474,0
1700082765.716021,0.9903273,1
1700082765.735644,0.9901968,1
1700082765.890701,0.024992552,0
1700082768.4108243,0.03119292,0
1700082769.5473273,0.027319513,0
1700082770.2372468,0.028383216,0
1700082770.7652454,0.02621772,0
1700082772.282266,0.025944738,0
1700082774.120091,0.024778195,0
1700082780.132377,0.028245896,0
1700082780.7060988,0.99075854,1
1700082785.845669,0.026811266,0
1700082789.3883555,0.42893946,0
1700082791.7147927,0.02566143,0
1700082794.9692595,0.9902625,1
1700082796.5485108,0.024359366,0
1700082797.5504673,0.024800494,0
1700082798.510012,0.026900982,0
1700082801.2913344,0.025344778,0
1700082803.2769516,0.026951274,0
1700082806.3853738,0.06711914,0
1700082806.6258826,0.026315833,0
1700082808.933439,0.02699542,0
1700082809.5416024,0.02765927,0
1700082809.8911004,0.03368943,0
1700082811.3009362,0.026938716,0
1700082812.568185,0.0268794,0
1700082815.995453,0.9906358,1
1700082818.9552293,0.023244036,0
1700082819.363782,0.989911,1
1700082821.1347878,0.024352478,0
1700082821.5516896,0.026072826,0
1700082821.8399124,0.02687375,0
1700082822.4687555,0.026639996,0
1700082822.6236403,0.026182124,0
1700082823.9920774,0.040044993,0
1700082825.068759,0.9905172,1
1700082828.3857317,0.026529713,0
1700082828.9657805,0.027332174,0
1700082837.462883,0.0281184,0
1700082838.2038572,0.025994785,0
1700082839.4271014,0.028302742,0
1700082843.556498,0.9897843,1
1700082846.037591,0.031738397,0
1700082846.631025,0.026978986,0
1700082846.8328464,0.064687006,0
1700082847.5099003,0.9899352,1
1700082849.4877644,0.026397832,0
1700082850.483807,0.025600899,0
1700082851.9160964,0.027913263,0
1700082852.329071,0.99023694,1
1700082854.487146,0.025136424,0
1700082855.262322,0.024845507,0
1700082857.2442372,0.026657943,0
1700082858.036767,0.026792547,0
1700082861.0792203,0.024040226,0
1700082862.0233686,0.2986193,0
1700082867.190157,0.026642637,0
1700082867.8317592,0.025106296,0
1700082869.5433772,0.02731665,0
1700082872.8787222,0.9902654,1
1700082873.3339846,0.027328895,0
1700082875.6511357,0.026602509,0
1700082876.2380347,0.02517781,0
1700082876.432785,0.029600436,0
1700082876.7703855,0.030108161,0
1700082880.4280803,0.02489392,0
1700082884.04554,0.029290544,0
1700082885.7336204,0.0256219,0
1700082887.0313425,0.026582524,0
1700082890.0127714,0.0253042,0
1700082892.3129082,0.026784282,0
1700082895.4193883,0.027027966,0
1700082895.4406328,0.9877873,1
1700082896.758304,0.025225444,0
1700082899.3416555,0.025751773,0
1700082900.100474,0.025040383,0
1700082900.96865,0.9904517,1
1700082903.0571675,0.025938177,0
1700082906.510086,0.025721492,0
1700082907.7902102,0.026061794,0
1700082909.5440755,0.024481533,0
1700082910.2308605,0.030634914,0
1700082914.9222095,0.02673509,0
1700082915.600743,0.025423747,0
1700082916.7916906,0.99027914,1
1700082917.8388352,0.06924464,0
1700082922.6385384,0.026886437,0
1700082924.487574,0.027546959,0
1700082928.9824808,0.024251804,0
1700082931.8085787,0.025492331,0
1700082932.143872,0.99069595,1
1700082932.4359856,0.023610802,0
1700082933.8697145,0.02498814,0
1700082936.210578,0.027851934,0
1700082938.1218393,0.032873653,0
1700082940.339414,0.025556479,0
1700082941.7357388,0.0277612,0
1700082949.557399,0.023850499,0
1700082952.744903,0.9896667,1
1700082953.059795,0.027187046,0
1700082955.1774871,0.096665554,0
1700082955.8014972,0.105428584,0
1700082958.5234652,0.023376223,0
1700082959.3962908,0.031109517,0
1700082959.6874402,0.023936382,0
1700082960.2947204,0.03663192,0
1700082962.3149846,0.025868237,0
1700082963.6312652,0.02584469,0
1700082966.8081934,0.025721723,0
1700082970.575249,0.024985587,0
1700082970.6463697,0.02715482,0
1700082971.6664329,0.03165764,0
1700082972.2816286,0.025640246,0
1700082972.5304952,0.04768338,0
1700082974.5119712,0.026116677,0
1700082975.8194382,0.024591565,0
1700082981.0510988,0.026020013,0
1700082982.0257566,0.026303196,0
1700082982.6425428,0.025460202,0
1700082983.4574256,0.02940478,0
1700082984.4947534,0.027199218,0
1700082987.6130877,0.028252782,0
1700082989.1890256,0.026722731,0
1700082996.42935,0.02590056,0
1700082996.7349296,0.9899678,1
1700082997.6542895,0.02526684,0
1700082998.662574,0.02638408,0
1700082999.338663,0.99056715,1
1700082999.4293728,0.025582263,0
1700082999.9642773,0.026482599,0
1700083006.206351,0.31180874,0
1700083007.2784626,0.028847078,0
1700083010.43811,0.99047333,1
1700083010.9926815,0.19429736,0
1700083014.0011334,0.027298905,0
1700083014.314993,0.027483247,0
1700083014.410557,0.027524488,0
1700083015.164111,0.026173856,0
1700083016.022122,0.026034694,0
1700083021.4496396,0.048849624,0
1700083025.3086343,0.027285732,0
1700083026.85238,0.026499104,0
1700083029.06311,0.026443824,0
1700083029.3243313,0.02607227,0
1700083030.2349114,0.04330965,0
1700083030.6373873,0.9899318,1
1700083032.557649,0.9903689,1
1700083033.1903684,0.025674738,0
1700083033.2920098,0.031278886,0
1700083035.4512415,0.026479864,0
1700083038.593988,0.025061315,0
1700083041.0086553,0.02399239,0
1700083045.6671324,0.031547535,0
1700083045.727357,0.031863317,0
1700083046.381563,0.0282833,0
1700083049.861623,0.02548011,0
1700083050.9120257,0.9900636,1
1700083055.4062018,0.989847,1
1700083058.9654276,0.050075635,0
1700083060.413371,0.027238684,0
1700083060.7766588,0.030295849,0
1700083063.572241,0.03124164,0
1700083064.947806,0.027263317,0
1700083065.966163,0.9908007,1
1700083066.513159,0.035771575,0
1700083067.0965524,0.9904875,1
1700083071.0090048,0.9900434,1
1700083075.5127296,0.9904716,1
1700083077.536532,0.026701514,0
1700083083.5810468,0.03508993,0
1700083084.3293383,0.99033165,1
1700083086.9964,0.028221041,0
1700083087.5759654,0.0262395,0
1700083087.6917963,0.21576606,0
1700083088.879223,0.02621417,0
1700083091.1560235,0.025402535,0
1700083092.851893,0.024356356,0
1700083093.240388,0.025061399,0
1700083093.6783814,0.029731784,0
1700083095.337067,0.99012345,1
1700083096.0703678,0.025324482,0
1700083097.2022598,0.025724923,0
1700083097.59012,0.99024755,1
1700083097.8357863,0.025764154,0
1700083101.122372,0.027097987,0
1700083101.3669915,0.26644835,0
1700083102.199286,0.033355393,0
1700083102.434967,0.024637567,0
1700083103.9463613,0.02612555,0
1700083105.0129354,0.025924958,0
1700083108.6191127,0.025503203,0
1700083109.8820176,0.02592839,0
1700083110.5695212,0.025793035,0
1700083112.1187356,0.026032137,0
1700083115.097127,0.026722148,0
1700083116.4989834,0.025562048,0
1700083117.6851172,0.025576727,0
1700083121.0248876,0.026552785,0
1700083122.2553158,0.06976193,0
1700083125.1108136,0.024375957,0
1700083125.167687,0.028571695,0
1700083129.9958398,0.030724546,0
1700083133.1649318,0.13108972,0
1700083133.2510662,0.026325196,0
1700083136.1343758,0.023939602,0
1700083139.2560022,0.02423584,0
1700083139.491712,0.02605717,0
1700083139.6367764,0.024335539,0
1700083140.5279884,0.98999983,1
1700083140.8426306,0.024695376,0
1700083141.0298169,0.024973353,0
1700083144.6872983,0.9895539,1
1700083147.5921493,0.027228275,0
1700083148.222644,0.027000092,0
1700083149.1062584,0.024407085,0
1700083150.3744438,0.027260091,0
1700083150.846251,0.030069767,0
1700083155.071113,0.022486528,0
1700083156.7521358,0.025065178,0
1700083157.1620128,0.029981298,0
1700083158.1258323,0.9896487,1
1700083159.7922592,0.029647153,0
1700083160.204013,0.9889475,1
1700083161.98748,0.026659708,0
1700083162.1216433,0.023395993,0
1700083162.7768228,0.29251632,0
1700083166.1219668,0.98923206,1
1700083168.814509,0.024345497,0
1700083169.8507154,0.027289588,0
1700083171.3342323,0.0234652,0
1700083174.517016,0.9898308,1
1700083179.1191509,0.023202823,0
1700083179.283424,0.04828045,0
1700083182.1621606,0.023847776,0
1700083185.7768388,0.023504293,0
1700083187.7106566,0.027229337,0
1700083187.775591,0.02669705,0
1700083187.8982797,0.026490942,0
1700083189.8917954,0.025059784,0
1700083191.510523,0.032954335,0
1700083196.9838357,0.030081272,0
1700083201.6361258,0.9897934,1
1700083203.705619,0.029671073,0
1700083207.9771862,0.9898891,1
1700083208.539651,0.02405108,0
1700083210.5945156,0.042893,0
1700083211.1447644,0.024354065,0
1700083214.4464686,0.027761456,0
1700083215.2973337,0.9895644,1
1700083219.3934846,0.03362883,0
1700083219.740691,0.02317593,0
1700083221.7705858,0.025944099,0
1700083222.3650522,0.022718595,0
1700083228.39674,0.023527622,0
1700083228.946301,0.034110196,0
1700083230.0052984,0.027897825,0
1700083230.503549,0.02355947,0
1700083230.5385373,0.024678102,0
1700083231.6249008,0.087222055,0
1700083231.7517889,0.024938319,0
1700083233.9421346,0.44572696,0
1700083234.2501657,0.03823052,0
1700083234.3145225,0.9840455,1
1700083234.5213878,0.0440075,0
1700083234.604046,0.9906743,1
1700083236.36422,0.024626242,0
1700083239.0667615,0.025387099,0
1700083240.4127374,0.02832288,0
1700083240.8999147,0.02614083,0
1700083241.6381528,0.027641937,0
1700083242.805362,0.02449851,0
1700083242.8303616,0.024171112,0
1700083243.288627,0.03560269,0
1700083245.3969953,0.033019673,0
1700083246.7883196,0.027470239,0
1700083247.1337397,0.026383875,0
1700083249.2139628,0.025872761,0
1700083249.3509212,0.12088416,0
1700083251.272205,0.025455266,0
1700083251.5998635,0.031631712,0
1700083253.0929728,0.025114715,0
1700083254.843576,0.03303003,0
1700083256.656969,0.025792243,0
1700083257.8469825,0.02534973,0
1700083257.920972,0.026603082,0
1700083259.2521954,0.9883482,1
1700083259.9532218,0.99069655,1
1700083261.204105,0.029162688,0
1700083263.46733,0.9897396,1
1700083264.480432,0.026954344,0
1700083265.593796,0.023027763,0
1700083266.3324308,0.02211064,0
1700083274.04867,0.13156576,0
1700083274.5159645,0.0262779,0
1700083276.8057528,0.9898734,1
1700083277.059663,0.99011946,1
1700083278.733263,0.63395536,1
1700083284.1708589,0.99018073,1
1700083285.680679,0.0247235,0
1700083287.1969097,0.9903762,1
1700083288.5118678,0.024871359,0
1700083289.6857147,0.027186366,0
1700083289.8108106,0.07013113,0
1700083290.9762535,0.02449665,0
1700083292.759607,0.02629622,0
1700083295.8202045,0.024571955,0
1700083301.3531084,0.025568563,0
1700083302.793178,0.99047256,1
1700083303.5138173,0.99059254,1
1700083305.1615424,0.027358666,0
1700083305.62349,0.9904463,1
1700083307.66073,0.02611294,0
1700083307.906693,0.02422894,0
1700083310.84958,0.042590447,0
1700083310.9295094,0.024411267,0
1700083312.3322997,0.98985064,1
1700083312.8499465,0.04698559,0
1700083317.4572215,0.028752835,0
1700083318.3002942,0.03590832,0
1700083321.3048708,0.02373744,0
1700083327.405676,0.023702953,0
1700083328.7608788,0.026360696,0
1700083330.2122495,0.026691029,0
1700083331.3086011,0.15928426,0
1700083332.8939557,0.026242599,0
1700083333.5611854,0.024410903,0
1700083334.2556024,0.02457039,0
1700083334.7766707,0.02746939,0
1700083335.99196,0.026333362,0
1700083338.8452182,0.024388792,0
1700083341.2339664,0.026569862,0
1700083341.501156,0.031148678,0
1700083342.5959888,0.026651299,0
1700083343.2798097,0.99018925,1
1700083345.9025128,0.026049508,0
1700083346.5653944,0.025405612,0
1700083346.917488,0.025091035,0
1700083353.3932998,0.026265895,0
1700083354.6421402,0.9902012,1
1700083356.6791174,0.43252695,0
1700083358.516141,0.024495007,0
1700083358.675625,0.030241957,0
1700083360.20826,0.9903328,1
1700083363.2932734,0.028723361,0
1700083370.417362,0.024214149,0
1700083372.7839265,0.9904421,1
1700083380.367429,0.030329676,0
1700083380.8165882,0.024162794,0
1700083386.4445815,0.028327262,0
1700083390.6111746,0.025786072,0
1700083391.2966444,0.031322967,0
1700083391.5425231,0.026283024,0
1700083395.2841816,0.99040097,1
1700083397.3537774,0.026748123,0
1700083398.4852548,0.028161429,0
1700083398.7040188,0.026817836,0
1700083401.0360715,0.024399532,0
1700083401.945975,0.026334798,0
1700083402.1330743,0.027820233,0
1700083404.2779477,0.99038434,1
1700083404.4374807,0.030255986,0
1700083407.5802062,0.031670246,0
1700083411.2270694,0.032011062,0
1700083411.745761,0.024397166,0
1700083414.8100512,0.024499668,0
1700083414.8685577,0.02319942,0
1700083415.7205644,0.027016062,0
1700083418.2375474,0.9894481,1
1700083421.613574,0.027469354,0
1700083421.7126536,0.02470009,0
1700083422.427816,0.026935335,0
1700083423.2338328,0.99033654,1
1700083425.8149457,0.026270853,0
1700083426.71438,0.03297258,0
1700083426.8915017,0.037309464,0
1700083431.5297737,0.026254978,0
1700083436.0985093,0.028768234,0
1700083438.553625,0.024901837,0
1700083441.143401,0.024571974,0
1700083441.9993958,0.026886338,0
1700083442.197328,0.028777856,0
1700083448.0824063,0.026875466,0
1700083450.416583,0.029006243,0
1700083454.4354572,0.027020814,0
1700083457.28073,0.52863055,1
1700083460.505347,0.024642078,0
1700083464.2023833,0.1330834,0
1700083464.6733315,0.42839453,0
1700083467.0584998,0.022775196,0
1700083467.4415965,0.9897395,1
1700083468.8732295,0.9890661,1
1700083469.7918315,0.9903149,1
1700083472.0119877,0.9894673,1
1700083473.8533762,0.9903724,1
1700083476.7836795,0.9901237,1
1700083483.735666,0.035309672,0
1700083485.1122692,0.07095836,0
1700083485.3014293,0.024363954,0
1700083485.625778,0.026290193,0
1700083486.7408392,0.02422325,0
1700083486.8887124,0.99049604,1
1700083487.9198413,0.0238021,0
1700083489.4773498,0.03303208,0
1700083490.9521782,0.9904282,1
1700083491.4371,0.02734947,0
1700083496.5938258,0.03359377,0
1700083496.8737116,0.024769867,0
1700083499.089306,0.25351802,0
1700083499.671493,0.02478292,0
1700083500.6072838,0.024530606,0
1700083502.4752572,0.024626048,0
1700083506.696744,0.98907346,1
1700083507.707111,0.025989693,0
1700083508.7321744,0.024984658,0
1700083508.8383894,0.024900258,0
1700083509.0221546,0.03335236,0
1700083514.4696298,0.031224152,0
1700083515.0275328,0.17666885,0
1700083517.2957084,0.99047524,1
1700083518.50206,0.026353212,0
1700083518.579193,0.035760354,0
1700083519.895919,0.99023306,1
1700083520.8663125,0.9892107,1
1700083523.3616982,0.024018748,0
1700083524.2797492,0.03817451,0
1700083525.5685132,0.030089853,0
1700083525.910662,0.9894075,1
1700083528.1150484,0.99044776,1
1700083529.9080973,0.026851956,0
1700083532.0222125,0.024556767,0
1700083532.8751352,0.034635536,0
1700083534.8475828,0.026054997,0
1700083535.0538428,0.02913963,0
1700083536.9833994,0.022402547,0
1700083537.0712214,0.09417061,0
1700083540.0449076,0.023610422,0
1700083540.382841,0.025029419,0
1700083543.5431917,0.022932516,0
1700083543.574155,0.025238417,0
1700083545.362213,0.02408474,0
1700083551.728947,0.990022,1
1700083554.1533182,0.02707089,0
1700083555.8642323,0.028808925,0
1700083558.2972949,0.9901366,1
1700083560.3288157,0.028274398,0
1700083560.8903446,0.9900192,1
1700083560.912838,0.029587219,0
1700083561.0885098,0.99053454,1
1700083561.6882117,0.024485782,0
1700083563.1259918,0.027262071,0
1700083565.7781591,0.22680447,0
1700083566.7049367,0.025496539,0
1700083568.8887734,0.02650858,0
1700083571.8679492,0.025197688,0
1700083572.3560414,0.025654623,0
1700083572.965679,0.9902694,1
1700083573.999882,0.068845026,0
1700083576.1674032,0.990042,1
1700083579.0263703,0.9900253,1
1700083579.040634,0.9898151,1
1700083584.5559554,0.99002016,1
1700083585.155009,0.99001837,1
1700083588.310962,0.024942469,0
1700083592.2364554,0.02291963,0
1700083594.1840153,0.027147576,0
1700083594.724248,0.98973453,1
1700083595.8375585,0.043580595,0
1700083596.973292,0.025488665,0
1700083597.293224,0.034017604,0
1700083597.8503325,0.027576147,0
1700083598.8669577,0.025996495,0
1700083599.263682,0.025751574,0
1700083601.7941434,0.028081521,0
1700083604.8209815,0.02346941,0
1700083605.7744467,0.024076803,0
1700083606.4729702,0.02470681,0
1700083608.2413063,0.9901196,1
1700083608.9714692,0.9897934,1
1700083612.8363504,0.98979,1
1700083616.9293833,0.037615735,0
1700083618.0749438,0.0270284,0
1700083621.3152397,0.027009804,0
1700083622.3222344,0.98978525,1
1700083623.039521,0.030164616,0
1700083624.5916312,0.026971877,0
1700083624.8121622,0.024632081,0
1700083625.2421887,0.026628448,0
1700083627.570799,0.025182635,0
1700083627.8553262,0.02792161,0
1700083628.6674986,0.70701396,1
1700083629.6389964,0.024650548,0
1700083629.6983922,0.025390968,0
1700083631.051968,0.027050609,0
1700083632.2911434,0.029104821,0
1700083632.428117,0.025454668,0
1700083632.5412726,0.02674533,0
1700083632.9305189,0.022829162,0
1700083633.1796126,0.024798796,0
1700083633.2111936,0.9903301,1
1700083639.348804,0.026739141,0
1700083640.6008675,0.0253287,0
1700083646.71445,0.9897168,1
1700083647.1859057,0.027159441,0
1700083647.610845,0.025936399,0
1700083649.3763912,0.026294798,0
1700083650.3650854,0.98946863,1
1700083652.7223778,0.025469525,0
1700083654.282747,0.028681595,0
1700083655.5771034,0.025924338,0
1700083656.6622624,0.9898482,1
1700083659.339956,0.029784938,0
1700083659.3695185,0.9900239,1
1700083662.4210072,0.9899804,1
1700083663.593736,0.026598707,0
1700083664.2201705,0.9899356,1
1700083666.3963802,0.025235826,0
1700083670.461834,0.025494477,0
1700083671.6310415,0.9898767,1
1700083672.0468466,0.02809869,0
1700083672.0798872,0.9872689,1
1700083672.2460153,0.024811218,0
1700083678.8452685,0.02490491,0
1700083680.435815,0.026566755,0
1700083681.7077205,0.03195315,0
1700083681.89394,0.02672818,0
1700083682.6221015,0.027570767,0
1700083685.6588836,0.025231076,0
1700083685.8488257,0.02579745,0
1700083686.3892274,0.024886973,0
1700083690.326849,0.027692247,0
1700083690.7614791,0.03152562,0
1700083696.015532,0.025950562,0
1700083703.7850375,0.99059325,1
1700083704.8410282,0.02511834,0
1700083709.2695937,0.024983715,0
1700083714.031664,0.024750799,0
1700083716.9722898,0.99011856,1
1700083718.4019566,0.99061954,1
1700083723.500776,0.9897882,1
1700083727.6841788,0.037237186,0
1700083728.263204,0.99009365,1
1700083728.3657248,0.025469745,0
1700083729.7297428,0.02791417,0
1700083729.8561137,0.0258273,0
1700083730.0320718,0.025628295,0
1700083731.1319294,0.034795973,0
1700083731.2445312,0.025750283,0
1700083732.0356867,0.023838894,0
1700083734.9008803,0.024727352,0
1700083743.5476315,0.53637695,1
1700083748.6040397,0.027422717,0
1700083750.9619186,0.028378192,0
1700083752.796305,0.03536137,0
1700083753.4106338,0.9904819,1
1700083756.240645,0.024428602,0
1700083757.3493075,0.025504546,0
1700083757.41529,0.02526555,0
1700083758.482384,0.02957321,0
1700083758.5882556,0.026269864,0
1700083760.857086,0.02466711,0
1700083761.352483,0.99036217,1
1700083762.206789,0.9906777,1
1700083762.9303372,0.02611866,0
1700083763.132012,0.06380304,0
1700083764.134002,0.026291251,0
1700083764.2304285,0.029327253,0
1700083773.5705924,0.024632076,0
1700083774.4233932,0.027266635,0
1700083775.0351045,0.026611404,0
1700083776.743035,0.025013907,0
1700083777.2047377,0.02543717,0
1700083778.251162,0.023541754,0
1700083779.4083288,0.029243805,0
1700083779.5537703,0.9900058,1
1700083779.9107149,0.023153847,0
1700083784.0881298,0.025081404,0
1700083784.3582628,0.024981145,0
1700083785.1486907,0.041002147,0
1700083790.269527,0.98723096,1
1700083790.3513856,0.025046779,0
1700083791.6407092,0.04042662,0
1700083791.7721226,0.9895058,1
1700083792.0039785,0.9904569,1
1700083795.9331596,0.027028168,0
1700083796.4344733,0.023956053,0
1700083799.7938132,0.02585071,0
1700083802.094349,0.03244187,0
1700083803.078524,0.03094134,0
1700083803.561339,0.025122209,0
1700083803.713232,0.026792983,0
1700083805.5928466,0.027655412,0
1700083807.0211463,0.02687783,0
1700083807.2944393,0.027598858,0
1700083808.1217103,0.02875566,0
1700083808.444642,0.037396774,0
1700083809.4877927,0.026281988,0
1700083810.329291,0.9898751,1
1700083810.493313,0.026917854,0
1700083812.3821635,0.98945785,1
1700083813.3640814,0.026013989,0
1700083814.490518,0.029274914,0
1700083814.6750474,0.02772946,0
1700083816.0793655,0.028789133,0
1700083817.113057,0.026765991,0
1700083821.41824,0.9901321,1
1700083822.2768846,0.02581073,0
1700083823.590382,0.03043846,0
1700083823.7262022,0.032544505,0
1700083825.4524426,0.025215937,0
1700083826.0045874,0.98776174,1
1700083827.4316947,0.028168492,0
1700083829.3545089,0.026878266,0
1700083829.4925497,0.028732536,0
1700083829.5064385,0.02354532,0
1700083830.3730457,0.028104432,0
1700083830.4565709,0.028768394,0
1700083831.4407628,0.99028987,1
1700083832.6670964,0.026445283,0
1700083842.5665774,0.98977333,1
1700083844.340233,0.029677395,0
1700083844.8093288,0.025889698,0
1700083845.0991378,0.026759198,0
1700083845.2690568,0.026434615,0
1700083846.72123,0.02555364,0
1700083847.9047074,0.028219057,0
1700083852.8177414,0.02748894,0
1700083854.5938275,0.028343357,0
1700083856.616948,0.15380517,0
1700083861.0931585,0.026923638,0
1700083861.5125754,0.26566362,0
1700083863.3011272,0.027527805,0
1700083865.8443427,0.026570957,0
1700083873.4284992,0.024711648,0
1700083874.5381622,0.03540026,0
1700083875.6942947,0.027345492,0
1700083876.0258667,0.98892224,1
1700083876.9169536,0.03285627,0
1700083878.2782223,0.027178546,0
1700083879.3936408,0.026464816,0
1700083881.7334282,0.027118262,0
1700083881.8790984,0.99022806,1
1700083883.1336207,0.02555148,0
1700083883.265753,0.16026911,0
1700083884.2440984,0.9898168,1
1700083884.6039293,0.026447142,0
1700083885.3135197,0.026533531,0
1700083887.4306388,0.028657753,0
1700083887.865393,0.027244557,0
1700083887.9520326,0.027599521,0
1700083888.4584837,0.8041355,1
1700083888.9838612,0.025901018,0
1700083891.1439483,0.025118781,0
1700083893.1719377,0.99038166,1
1700083894.672894,0.027951045,0
1700083895.3842292,0.026081905,0
1700083895.9820275,0.026825354,0
1700083896.5845056,0.027718732,0
1700083899.0311012,0.026138889,0
1700083899.9671912,0.026954107,0
1700083900.41352,0.026475187,0
1700083901.8087082,0.02611717,0
1700083903.425301,0.0336707,0
1700083903.789864,0.024816941,0
1700083907.3718936,0.026831025,0
1700083907.567435,0.02792486,0
1700083908.6393847,0.025477013,0
1700083908.9494414,0.9904419,1
1700083913.91557,0.99011594,1
1700083920.4078355,0.028097475,0
1700083928.5301216,0.02590842,0
1700083930.186333,0.025746418,0
1700083930.5596435,0.02685317,0
1700083931.4604793,0.028116116,0
1700083931.5564103,0.027744345,0
1700083935.1725483,0.037523765,0
1700083935.9537718,0.990507,1
1700083936.2747796,0.028054083,0
1700083937.3014357,0.9903285,1
1700083939.4418182,0.028010586,0
1700083940.581547,0.027312582,0
1700083940.6680088,0.9902497,1
1700083940.69596,0.030969048,0
1700083941.6434186,0.027195435,0
1700083942.5325422,0.024068754,0
1700083943.1561162,0.026270812,0
1700083943.8200428,0.02714249,0
1700083946.5776637,0.9904867,1
1700083946.838706,0.028953282,0
1700083948.429206,0.026345214,0
1700083948.9962423,0.024727328,0
1700083952.2348125,0.02606508,0
1700083955.1860237,0.030996703,0
1700083955.6509178,0.99029875,1
1700083955.7500577,0.9899996,1
1700083963.6040757,0.03509516,0
1700083965.4334447,0.024685206,0
1700083966.4458883,0.026444098,0
1700083966.7252734,0.027283639,0
1700083968.2515762,0.026449062,0
1700083968.2623258,0.026716648,0
1700083974.796842,0.02670438,0
1700083976.623024,0.025824526,0
1700083976.9612448,0.9902265,1
1700083978.323216,0.026573408,0
1700083978.445447,0.026083998,0
1700083979.223853,0.0256852,0
1700083981.43077,0.028998429,0
1700083983.5359137,0.027711218,0
1700083985.1979427,0.028552733,0
1700083987.339419,0.02809766,0
1700083989.5074615,0.027636375,0
1700083990.599927,0.025565948,0
1700083993.4874728,0.990337,1
1700083996.695953,0.02603505,0
1700083996.9953468,0.22460765,0
1700083997.105449,0.025112867,0
1700083998.3583755,0.99070954,1
1700083998.3742208,0.9905757,1
1700084001.1212986,0.05360042,0
1700084001.2957134,0.024259798,0
1700084001.3720906,0.028247323,0
1700084002.537972,0.02311522,0
1700084003.2305264,0.039174594,0
1700084004.9751732,0.030428462,0
1700084005.1648374,0.025918437,0
1700084005.9793348,0.027060624,0
1700084008.2198243,0.027777538,0
1700084010.159709,0.9904507,1
1700084010.787893,0.036118463,0
1700084012.2315836,0.028014975,0
1700084013.4970543,0.028460514,0
1700084014.6212296,0.024603859,0
1700084016.1207964,0.98957527,1
1700084018.030191,0.024780579,0
1700084019.7617142,0.030575266,0
1700084020.9873447,0.029553127,0
1700084021.709316,0.024986679,0
1700084022.021783,0.045024984,0
1700084023.0381596,0.025659505,0
1700084023.916487,0.9905608,1
1700084023.9490633,0.64078164,1
1700084025.1113849,0.02637026,0
1700084026.552254,0.025791569,0
1700084028.0967696,0.025425365,0
1700084028.1803534,0.98939425,1
1700084029.5205078,0.026846211,0
1700084030.7589252,0.99011934,1
1700084030.999202,0.024597188,0
1700084036.5576255,0.99039865,1
1700084036.7686496,0.025732176,0
1700084036.900804,0.98909354,1
1700084038.1877897,0.026817959,0
1700084038.8282251,0.026183141,0
1700084038.876794,0.9904233,1
1700084039.5843766,0.02603211,0
1700084042.614327,0.026727226,0
1700084043.4511223,0.025777947,0
1700084045.6781566,0.024477,0
1700084048.662881,0.026871176,0
1700084049.172784,0.023646835,0
1700084050.2951066,0.024818014,0
1700084050.6731856,0.1492398,0
1700084056.5711236,0.028384745,0
1700084062.5623727,0.045009032,0
1700084065.573281,0.026290646,0
1700084067.211171,0.047386363,0
1700084068.118533,0.02839304,0
1700084070.0468545,0.02615985,0
1700084070.4549203,0.03344189,0
1700084072.372619,0.9906228,1
1700084072.3922503,0.98885137,1
1700084072.5146224,0.030568557,0
1700084078.6795845,0.027502837,0
1700084083.0130167,0.9902582,1
1700084085.586512,0.026018629,0
1700084088.384137,0.03641138,0
1700084088.4478054,0.025022361,0
1700084089.4477563,0.026015809,0
1700084090.136788,0.036493078,0
1700084090.940828,0.051927682,0
1700084092.7620804,0.024783133,0
1700084093.130221,0.024470853,0
1700084094.3956375,0.9902383,1
1700084097.869589,0.02376506,0
1700084098.2759757,0.02848284,0
1700084100.1097505,0.98963296,1
1700084100.917607,0.027886374,0
1700084101.0181346,0.032095596,0
1700084102.347242,0.023478253,0
1700084102.6406434,0.047092915,0
1700084109.3266945,0.024670202,0
1700084114.0966957,0.4101148,0
1700084114.4415903,0.024161594,0
1700084115.0051093,0.99038106,1
1700084115.3357117,0.02563032,0
1700084118.213477,0.023957742,0
1700084118.820305,0.02694978,0
1700084119.7377822,0.027128408,0
1700084119.7895072,0.024587521,0
1700084122.111322,0.02596191,0
1700084123.3744397,0.49441054,0
1700084123.6940746,0.024470815,0
1700084125.22777,0.024591666,0
1700084125.5824,0.026655912,0
1700084127.1261408,0.02487437,0
1700084127.509874,0.030650014,0
1700084129.6185448,0.025824932,0
1700084130.47637,0.9892657,1
1700084132.6410291,0.028372407,0
1700084132.7774663,0.023579283,0
1700084133.2326715,0.029804818,0
1700084133.4344702,0.024661254,0
1700084137.6390824,0.026996998,0
1700084138.2557642,0.035737704,0
1700084141.4369433,0.025447432,0
1700084142.3522842,0.025858566,0
1700084142.951493,0.025046047,0
1700084143.7845812,0.02450148,0
1700084144.271941,0.028902136,0
1700084144.467996,0.025757395,0
1700084147.505214,0.99034333,1
1700084149.9050083,0.9885028,1
1700084150.25113,0.025567828,0
1700084151.8612971,0.026212612,0
1700084153.1058989,0.9893042,1
1700084155.9228013,0.98837614,1
1700084159.784829,0.028283065,0
1700084162.1386018,0.024094548,0
1700084162.5036724,0.024588408,0
1700084163.9564948,0.036831748,0
1700084164.1443803,0.025943771,0
1700084164.6523037,0.022640591,0
1700084166.2753923,0.023380384,0
1700084166.9484527,0.02667659,0
1700084168.3130436,0.030568812,0
1700084168.3266425,0.04710042,0
1700084168.7851474,0.02450208,0
1700084169.5331144,0.025110591,0
1700084174.7601058,0.9887475,1
1700084174.9165258,0.02523477,0
1700084176.2522728,0.98866946,1
1700084180.4968638,0.024721177,0
1700084180.6683843,0.030309068,0
1700084182.2165363,0.02486932,0
1700084182.3800118,0.9900446,1
1700084183.68475,0.02711182,0
1700084185.7556512,0.99041116,1
1700084186.1938596,0.023476936,0
1700084186.5683262,0.02685946,0
1700084188.2675226,0.029084817,0
1700084189.4665773,0.026265321,0
1700084190.2088013,0.9899154,1
1700084195.1338656,0.023655143,0
1700084198.6662345,0.98991686,1
1700084201.5927818,0.024200559,0
1700084204.2738905,0.025809603,0
1700084206.9112377,0.035942342,0
1700084207.4468906,0.98951435,1
1700084207.4622052,0.026284806,0
1700084208.5084472,0.9899832,1
1700084210.463604,0.026291702,0
1700084210.9957917,0.02672638,0
1700084213.5722682,0.02683994,0
1700084213.9573274,0.9896618,1
1700084214.1206484,0.029599166,0
1700084215.9641886,0.02784055,0
1700084216.7792976,0.9903088,1
1700084218.685969,0.024415536,0
1700084221.8927095,0.60974026,1
1700084224.7406745,0.02726986,0
1700084224.770807,0.027698169,0
1700084225.04314,0.9896337,1
1700084229.2005298,0.044814397,0
1700084232.3026512,0.027104622,0
1700084233.095395,0.027434496,0
1700084233.447883,0.026316496,0
1700084233.711305,0.025969831,0
1700084235.1399534,0.025809102,0
1700084236.3145468,0.02360183,0
1700084238.6789713,0.9894002,1
1700084243.1872015,0.023817217,0
1700084244.6659403,0.027601326,0
1700084249.2589684,0.026053637,0
1700084249.6822276,0.024059217,0
1700084251.0827415,0.026404649,0
1700084252.8731582,0.028136808,0
1700084258.5210016,0.023125004,0
1700084258.8297927,0.1252988,0
1700084258.960038,0.026441565,0
1700084260.7880032,0.025667869,0
1700084265.8721414,0.03231793,0
1700084266.300831,0.026542142,0
1700084269.0453768,0.025920216,0
1700084270.588586,0.024545131,0
1700084277.6641502,0.026143098,0
1700084279.1270542,0.99036586,1
1700084279.489179,0.027795,0
1700084280.5341651,0.023969848,0
1700084285.4953337,0.9891956,1
1700084285.657898,0.034248874,0
1700084286.891271,0.024580369,0
1700084287.2997186,0.026544549,0
1700084288.7438786,0.027464526,0
1700084289.870681,0.02565162,0
1700084291.7051303,0.026907865,0
1700084293.3033106,0.9900231,1
1700084298.2504418,0.029205818,0
1700084298.7411022,0.19603972,0
1700084298.9597871,0.024245506,0
1700084299.7468042,0.025602967,0
1700084301.1108527,0.99065477,1
1700084305.675918,0.025582133,0
1700084307.36351,0.990538,1
1700084309.0305486,0.025642278,0
1700084316.5505612,0.02597031,0
1700084318.3239071,0.027654078,0
1700084318.7369697,0.02592192,0
1700084319.1134565,0.026433678,0
1700084320.370891,0.026224812,0
1700084321.0439873,0.026203714,0
1700084322.4386442,0.031817056,0
1700084322.551196,0.025272358,0
1700084323.2993052,0.027336033,0
1700084326.3068018,0.027233193,0
1700084326.5325532,0.07508952,0
1700084329.8267972,0.9906928,1
1700084333.30833,0.99033195,1
1700084334.3531966,0.030529773,0
1700084334.3760302,0.9898207,1
1700084334.703822,0.61188453,1
1700084335.4976826,0.025725633,0
1700084335.895833,0.025265204,0
1700084338.5076065,0.9903893,1
1700084339.0584185,0.99056226,1
1700084339.0905952,0.99074894,1
1700084339.760695,0.025509283,0
1700084348.291217,0.9890849,1
1700084353.3882203,0.1435178,0
1700084354.3600025,0.025984207,0
1700084355.2582507,0.024868356,0
1700084356.297982,0.99054587,1
1700084356.5465565,0.030008886,0
1700084367.5054517,0.9883158,1
1700084370.1002667,0.024278255,0
1700084370.6963973,0.68544126,1
1700084371.913906,0.026770923,0
1700084374.3198104,0.98980534,1
1700084380.7694373,0.99045837,1
1700084381.976404,0.026880423,0
1700084381.996349,0.1322211,0
1700084383.513942,0.025536673,0
1700084384.6492314,0.025660297,0
1700084388.0643067,0.02684308,0
1700084390.9796665,0.025830846,0
1700084393.6132996,0.027125917,0
1700084394.5326936,0.026379677,0
1700084395.2666209,0.031330824,0
1700084396.2967107,0.026363637,0
1700084396.5205927,0.9902402,1
1700084400.5697882,0.025449403,0
1700084403.2192528,0.02835753,0
1700084405.5687242,0.025331482,0
1700084408.5008545,0.027714869,0
1700084411.699758,0.02671594,0
1700084411.8288429,0.9897199,1
1700084416.2041392,0.026476514,0
1700084416.4649687,0.023983665,0
1700084417.9606357,0.99041957,1
1700084417.9947114,0.034599256,0
1700084418.4698868,0.025969986,0
1700084419.528912,0.027556492,0
1700084421.5306523,0.03139327,0
1700084424.787325,0.0256983,0
1700084425.106081,0.025761021,0
1700084426.3757112,0.025461195,0
1700084427.461691,0.032777723,0
1700084428.836631,0.026307663,0
1700084430.758548,0.027401853,0
1700084433.2027588,0.025726918,0
1700084434.5426428,0.99021065,1
1700084438.329861,0.02722497,0
1700084440.8453758,0.02574796,0
1700084441.81908,0.025070028,0
1700084443.3808043,0.029901402,0
1700084443.8116195,0.027671212,0
1700084446.7651513,0.02611951,0
1700084447.2447836,0.025287807,0
1700084447.869939,0.9900871,1
1700084449.9637487,0.9898935,1
1700084452.506889,0.027395653,0
1700084454.8201976,0.041992437,0
1700084456.2417412,0.029404493,0
1700084460.053111,0.027405476,0
1700084461.343712,0.026020968,0
1700084463.2820778,0.03199384,0
1700084463.6570437,0.027595567,0
1700084466.173664,0.029109027,0
1700084469.107635,0.99032307,1
1700084470.5954623,0.026548732,0
1700084470.7962306,0.026555484,0
1700084474.646011,0.025742086,0
1700084476.562888,0.06842055,0
1700084481.1494684,0.031620365,0
1700084484.662165,0.026600713,0
1700084486.2551386,0.025965845,0
1700084487.258698,0.99029887,1
1700084492.6949978,0.98927224,1
1700084494.6303532,0.075100265,0
1700084495.36728,0.024920942,0
1700084495.771552,0.027915955,0
1700084496.4798036,0.025630686,0
1700084497.7855442,0.9899428,1
1700084498.162223,0.02522027,0
1700084498.4117315,0.05220931,0
1700084499.3770103,0.038026508,0
1700084500.4411168,0.026409458,0
1700084502.142285,0.02727602,0
1700084505.266268,0.025969343,0
1700084508.2051544,0.026743058,0
1700084508.5703585,0.9901106,1
1700084513.9745135,0.9895096,1
1700084514.6779325,0.024835862,0
1700084515.2565308,0.026899131,0
1700084516.9297488,0.99062145,1
1700084518.4742892,0.028249484,0
1700084519.860509,0.025309904,0
1700084520.1195078,0.028106384,0
1700084522.1312742,0.025488257,0
1700084524.68237,0.02699555,0
1700084526.7515776,0.02665189,0
1700084527.3773282,0.029567802,0
1700084527.6978235,0.03892099,0
1700084528.1529,0.99036855,1
1700084528.4502518,0.027039861,0
1700084529.8994088,0.025121417,0
1700084531.240703,0.9903106,1
1700084540.363148,0.08606871,0
1700084540.393576,0.98859894,1
1700084540.4928246,0.9899344,1
1700084541.136592,0.027524898,0
1700084543.262179,0.027456485,0
1700084544.1429098,0.023725992,0
1700084544.9217684,0.9903156,1
1700084549.4790258,0.025650784,0
1700084551.4725316,0.9902677,1
1700084553.3706126,0.026282446,0
1700084553.5011215,0.023906706,0
1700084560.020109,0.02625807,0
1700084561.9583082,0.027277205,0
1700084564.228299,0.99030495,1
1700084564.8958542,0.026596261,0
1700084567.1277778,0.99003816,1
1700084567.4896548,0.027039975,0
1700084567.5067527,0.026186487,0
1700084568.5763235,0.02675988,0
1700084569.1270723,0.02661234,0
1700084569.6146493,0.025924752,0
1700084569.6774924,0.9895516,1
1700084569.7301548,0.03524483,0
1700084569.755592,0.026789354,0
1700084570.8308644,0.9904917,1
1700084573.2907069,0.028370557,0
1700084576.6466618,0.0507776,0
1700084577.6106894,0.030091532,0
1700084577.7404616,0.042721298,0
1700084578.6955976,0.025795888,0
1700084581.7448895,0.028467251,0
1700084581.9587178,0.025691474,0
1700084584.586767,0.99001884,1
1700084585.8353152,0.989647,1
1700084590.3316422,0.027695125,0
1700084593.3644671,0.027753526,0
1700084593.787839,0.025781494,0
1700084593.8192434,0.026616361,0
1700084595.032183,0.026012808,0
1700084597.6253352,0.02586984,0
1700084598.9524004,0.024604538,0
1700084599.1896832,0.026433636,0
1700084602.4049428,0.027478935,0
1700084604.647178,0.026829934,0
1700084605.033509,0.9898605,1
1700084605.268247,0.03025144,0
1700084608.1593246,0.026417155,0
1700084611.2092516,0.034231924,0
1700084611.4372528,0.024422975,0
1700084614.2367685,0.9899366,1
1700084614.7175467,0.02739032,0
1700084616.2186513,0.9903384,1
1700084617.2274845,0.9901703,1
1700084620.995955,0.025857598,0
1700084621.0311413,0.026257971,0
1700084624.908549,0.02492921,0
1700084625.8532476,0.027468067,0
1700084626.70196,0.026970202,0
1700084627.431427,0.9897405,1
1700084627.8720264,0.026804822,0
1700084628.959057,0.024557183,0
1700084632.5190928,0.024682693,0
1700084641.023049,0.024883166,0
1700084643.132813,0.9903324,1
1700084646.0164623,0.99025154,1
1700084647.818787,0.029934524,0
1700084648.1496892,0.02450501,0
1700084650.2681055,0.02522109,0
1700084656.6901364,0.025454914,0
1700084657.3066802,0.025863891,0
1700084659.452676,0.9903368,1
1700084661.0267253,0.025206702,0
1700084662.381804,0.02710602,0
1700084662.8784585,0.025663117,0
1700084662.914603,0.9901968,1
1700084664.589106,0.025704741,0
1700084671.0262527,0.025808392,0
1700084673.5414276,0.023609117,0
1700084675.5410128,0.023159575,0
1700084676.3143327,0.0674459,0
1700084678.9037282,0.025501678,0
1700084679.9375176,0.024277126,0
1700084681.9052906,0.98919886,1
1700084684.8586197,0.98994714,1
1700084685.2852714,0.025508424,0
1700084686.599807,0.025355458,0
1700084690.056835,0.98970735,1
1700084693.1269815,0.025344484,0
1700084694.341744,0.026067255,0
1700084694.9239724,0.99037933,1
1700084695.9878964,0.022724217,0
1700084697.4044752,0.026241,0
1700084700.470866,0.024950476,0
1700084700.5343587,0.9901065,1
1700084702.247908,0.026527772,0
1700084703.686927,0.9903898,1
1700084706.703168,0.02559758,0
1700084708.7960908,0.025086418,0
1700084709.7672944,0.025158264,0
1700084713.2573886,0.026646731,0
1700084713.2674365,0.025782432,0
1700084714.9129012,0.025857843,0
1700084715.335844,0.026975289,0
1700084716.650823,0.025428278,0
1700084720.407189,0.9904232,1
1700084720.4249666,0.025756681,0
1700084722.989746,0.024332019,0
1700084723.6159327,0.02542798,0
1700084723.7349515,0.9898581,1
1700084725.446636,0.02563944,0
1700084725.9293694,0.026589299,0
1700084730.2630398,0.02325012,0
1700084730.5030427,0.9900417,1
1700084730.904007,0.9899456,1
1700084731.0339549,0.024023779,0
1700084732.1352184,0.99038494,1
1700084732.585845,0.024795525,0
1700084735.77183,0.0246302,0
1700084737.0974648,0.98824185,1
1700084737.5201385,0.40186962,0
1700084737.6474545,0.9904,1
1700084739.5055828,0.027082944,0
1700084740.2910452,0.025112448,0
1700084741.5103824,0.9900907,1
1700084742.4822345,0.026982747,0
1700084742.5573916,0.025624247,0
1700084746.2529876,0.026372189,0
1700084747.9257,0.025292484,0
1700084748.494164,0.026185362,0
1700084748.5061617,0.027450722,0
1700084753.088134,0.9907741,1
1700084754.4130037,0.024649953,0
1700084755.5172102,0.026491625,0
1700084759.802999,0.026284195,0
1700084767.0858765,0.025726076,0
1700084768.5625825,0.025225636,0
1700084769.342527,0.023947133,0
1700084770.338025,0.027242895,0
1700084770.7873003,0.39137447,0
1700084771.3538544,0.025475398,0
1700084773.6354463,0.026616082,0
1700084773.7340522,0.02823734,0
1700084777.0988123,0.029597871,0
1700084783.9299223,0.024954809,0
1700084784.0971203,0.024560729,0
1700084784.530105,0.026541926,0
1700084785.3349206,0.025986632,0
1700084785.5448923,0.02718547,0
1700084786.4605446,0.027495785,0
1700084787.3067105,0.08427535,0
1700084787.9332397,0.026211463,0
1700084790.6615825,0.027494103,0
1700084790.8779304,0.027058505,0
1700084791.20897,0.025223942,0
1700084793.0183134,0.03008653,0
1700084798.4671912,0.026867298,0
1700084798.57872,0.023408288,0
1700084798.7187428,0.9899498,1
1700084800.3195615,0.98975044,1
1700084801.7211783,0.023787707,0
1700084801.9665082,0.9905172,1
1700084802.3123262,0.99022514,1
1700084802.3975098,0.4487406,0
1700084803.7065113,0.05535594,0
1700084804.2452228,0.025537759,0
1700084806.8740623,0.022511499,0
1700084813.4995697,0.98994875,1
1700084814.0340383,0.022422288,0
1700084817.0242765,0.99030674,1
1700084817.8484433,0.98969334,1
1700084818.1042852,0.025847523,0
1700084819.2921977,0.026427623,0
1700084821.787253,0.024675352,0
1700084822.467833,0.9895292,1
1700084825.3769135,0.026505154,0
1700084831.3098302,0.025180835,0
1700084831.778462,0.027454264,0
1700084832.84775,0.027388187,0
1700084833.222803,0.024864774,0
1700084834.2212975,0.99038005,1
1700084834.7766972,0.027399557,0
1700084834.9824946,0.025846262,0
1700084837.7729466,0.98996824,1
1700084842.7202065,0.024930201,0
1700084843.618548,0.990012,1
1700084843.6628587,0.025597442,0
1700084844.3435926,0.029083714,0
1700084849.2822633,0.49257824,0
1700084850.3226068,0.050233357,0
1700084850.6789443,0.027013116,0
1700084852.2963638,0.02602058,0
1700084852.745655,0.027101155,0
1700084853.4176283,0.027341543,0
1700084853.5558698,0.023444043,0
1700084854.8635678,0.023551004,0
1700084855.6897275,0.02410765,0
1700084857.8173275,0.02333309,0
1700084857.9801407,0.026830789,0
1700084859.3790393,0.99043196,1
1700084861.539847,0.99027246,1
1700084862.9934754,0.02610333,0
1700084863.3311813,0.025744509,0
1700084864.5529904,0.02634498,0
1700084867.7446425,0.990355,1
1700084868.3014317,0.026230905,0
1700084869.123557,0.02562904,0
1700084869.2445102,0.026823241,0
1700084872.984475,0.9896361,1
1700084876.2170808,0.026294693,0
1700084878.564298,0.025330111,0
1700084886.9397757,0.023632847,0
1700084887.553362,0.98966646,1
1700084891.4773688,0.025484698,0
1700084891.652742,0.025160214,0
1700084893.4804168,0.027032336,0
1700084895.7926297,0.026150238,0
1700084896.3942244,0.03518833,0
1700084896.4918892,0.025081845,0
1700084897.466442,0.025786128,0
1700084898.454929,0.0264782,0
1700084900.505777,0.07816807,0
1700084902.1024556,0.98906076,1
1700084902.3025453,0.9901427,1
1700084902.6422207,0.027995553,0
1700084905.299649,0.028698385,0
1700084905.6538537,0.5910988,1
1700084906.9204051,0.98942214,1
1700084912.0048132,0.025269875,0
1700084913.3138382,0.026145922,0
1700084915.328957,0.02327523,0
1700084915.4706728,0.034358263,0
1700084916.250744,0.027413422,0
1700084918.2971802,0.10416303,0
1700084922.0381925,0.0267726,0
1700084922.6304238,0.025772719,0
1700084924.1849525,0.9903998,1
1700084926.584888,0.989647,1
1700084928.142268,0.024893064,0
1700084928.6448655,0.9887193,1
1700084930.108148,0.026303533,0
1700084931.4544024,0.023749623,0
1700084934.8366024,0.02705475,0
1700084935.2345843,0.026712382,0
1700084939.0308754,0.027019706,0
1700084939.0731945,0.025899531,0
1700084939.3488965,0.024496684,0
1700084940.393541,0.025813976,0
1700084942.2999237,0.03115261,0
1700084942.6399474,0.9893113,1
1700084947.5747626,0.026574407,0
1700084958.6708877,0.02638283,0
1700084959.5692513,0.0272597,0
1700084962.82384,0.025486736,0
1700084963.1942103,0.03205879,0
1700084965.3973343,0.028276568,0
1700084965.9414628,0.025733221,0
1700084966.679702,0.024986997,0
1700084971.188557,0.024950158,0
1700084972.424985,0.026871799,0
1700084972.475921,0.026101794,0
1700084974.857715,0.028232183,0
1700084975.2199433,0.029335437,0
1700084976.269056,0.024408711,0
1700084976.3871188,0.025698813,0
1700084977.2226024,0.024639642,0
1700084979.9516654,0.039850377,0
1700084983.1607664,0.9904039,1
1700084983.3323305,0.026149023,0
1700084984.70007,0.03355689,0
1700084984.718928,0.9905161,1
1700084987.3875391,0.027323011,0
1700084991.6807938,0.029438358,0
1700084993.3297188,0.32047907,0
1700084995.5881643,0.27518308,0
1700084996.1450503,0.105386406,0
1700084996.9437222,0.9900511,1
1700084997.3427863,0.024715895,0
1700084999.1473792,0.07319738,0
1700085004.7352588,0.025824692,0
1700085007.2151484,0.02466697,0
1700085008.6432242,0.026075188,0
1700085009.4296668,0.02471502,0
1700085010.2845776,0.026663333,0
1700085010.58864,0.028330438,0
1700085010.9895797,0.40372413,0
1700085011.4607496,0.027930932,0
1700085012.3624024,0.024417743,0
1700085013.5265622,0.027061116,0
1700085014.8674698,0.034750886,0
1700085015.6228254,0.99046963,1
1700085016.3696008,0.08979827,0
1700085018.129688,0.02550321,0
1700085019.6813936,0.024567874,0
1700085021.5285058,0.024382392,0
1700085022.57422,0.9903542,1
1700085025.7661822,0.99039537,1
1700085027.3696537,0.025990361,0
1700085029.5581868,0.02699939,0
1700085030.0243309,0.9902262,1
1700085030.7288606,0.024785776,0
1700085030.9867349,0.027688991,0
1700085031.4882562,0.9901406,1
1700085033.303548,0.024875792,0
1700085034.1478617,0.025234014,0
1700085034.888178,0.9901584,1
1700085037.7053947,0.02513056,0
1700085038.3210256,0.48129538,0
1700085041.1323037,0.025287922,0
1700085043.2705362,0.024800595,0
1700085043.940954,0.025087612,0
1700085050.934039,0.0247097,0
1700085051.4828374,0.99010336,1
1700085052.10983,0.025809113,0
1700085057.6899405,0.025169397,0
1700085058.2777402,0.57620037,1
1700085058.625194,0.9893813,1
1700085059.2771013,0.025204303,0
1700085059.5336962,0.025173247,0
1700085061.1423848,0.032344334,0
1700085068.9063478,0.99012744,1
1700085070.753063,0.09040677,0
1700085072.6930945,0.026433531,0
1700085074.318599,0.047116555,0
1700085075.0132794,0.024699457,0
1700085077.340861,0.023360407,0
1700085084.2531452,0.02503973,0
1700085088.4960608,0.025850393,0
1700085088.7345624,0.025216721,0
1700085089.2131774,0.023408085,0
1700085089.741068,0.02480967,0
1700085090.2182152,0.9906598,1
1700085093.3299031,0.030111725,0
1700085096.3072045,0.024969555,0
1700085098.2262597,0.024909856,0
1700085099.491053,0.023144409,0
1700085101.8881576,0.025110325,0
1700085108.5846577,0.02537393,0
1700085115.5357049,0.023919888,0
1700085116.707441,0.024784742,0
1700085117.087823,0.02363937,0
1700085117.599145,0.030672371,0
1700085119.481392,0.02461182,0
1700085119.983662,0.025743067,0
1700085125.0019414,0.024579441,0
1700085125.4910927,0.9885179,1
1700085126.509208,0.024724277,0
1700085126.9609888,0.5566272,1
1700085129.201933,0.025229922,0
1700085129.8390183,0.02875759,0
1700085134.8387284,0.024413243,0
1700085136.758857,0.03660247,0
1700085138.760843,0.9905648,1
1700085141.2541428,0.024093855,0
1700085142.5842848,0.026590658,0
1700085142.872182,0.18928665,0
1700085146.841373,0.025575979,0
1700085148.468308,0.9905742,1
1700085154.250955,0.99016994,1
1700085156.1746278,0.98942125,1
1700085158.4959643,0.025816217,0
1700085159.366862,0.024155673,0
1700085159.4555285,0.72301066,1
1700085163.5993514,0.9903561,1
1700085164.934528,0.027770596,0
1700085166.6350164,0.02472455,0
1700085167.5906425,0.3858691,0
1700085172.216131,0.023868624,0
1700085173.196474,0.025452405,0
1700085179.6510189,0.03304206,0
1700085180.5721624,0.024067236,0
1700085184.673831,0.023379983,0
1700085185.035809,0.027740035,0
1700085185.3523016,0.025585819,0
1700085185.852031,0.023819678,0
1700085187.6394682,0.9903655,1
1700085191.940317,0.029422864,0
1700085193.5834715,0.05576057,0
1700085194.166597,0.026034271,0
1700085196.7686985,0.98822844,1
1700085199.3859122,0.036734547,0
1700085199.4930563,0.04446991,0
1700085201.8477263,0.02535836,0
1700085202.001902,0.022597289,0
1700085207.6406872,0.5146839,1
1700085212.4713352,0.027962148,0
1700085213.0340664,0.025139583,0
1700085215.3350546,0.023146968,0
1700085215.993003,0.022557387,0
1700085217.4487567,0.024441857,0
1700085217.852701,0.024608476,0
1700085218.7470005,0.023131128,0
1700085220.167597,0.02601483,0
1700085222.0231304,0.024691407,0
1700085228.932956,0.9901196,1
1700085231.9969208,0.99039614,1
1700085234.7118275,0.022820005,0
1700085235.1286526,0.99047136,1
1700085235.574747,0.024310485,0
1700085237.624974,0.9903369,1
1700085241.5153935,0.021844395,0
1700085242.62758,0.026727004,0
1700085245.8450592,0.15559788,0
1700085246.0979362,0.036651112,0
1700085246.9886954,0.026060576,0
1700085252.6416905,0.022515303,0
1700085252.9554002,0.04845173,0
1700085253.318102,0.024004083,0
1700085253.8733437,0.022943355,0
1700085254.944783,0.9883583,1
1700085255.5387037,0.024030726,0
1700085256.750213,0.026075691,0
1700085257.283528,0.025869649,0
1700085257.536773,0.059189923,0
1700085257.800372,0.026369821,0
1700085259.9674811,0.0252819,0
1700085260.400334,0.02368239,0
1700085262.3705204,0.025689876,0
1700085262.871404,0.9885329,1
1700085263.1549046,0.026596824,0
1700085263.6640632,0.025184605,0
1700085264.389441,0.9897731,1
1700085265.564648,0.024462504,0
1700085268.261094,0.036815397,0
1700085269.8229191,0.9896797,1
1700085270.2905636,0.023885023,0
1700085270.5095866,0.06259615,0
1700085273.6657164,0.9897602,1
1700085273.924723,0.028569957,0
1700085275.0452564,0.9899357,1
1700085276.1565146,0.80472803,1
1700085277.4468966,0.023713024,0
1700085286.8995612,0.024443362,0
1700085294.2327373,0.026822384,0
1700085297.741999,0.21051334,0
1700085298.495843,0.02814726,0
1700085301.272721,0.022478482,0
1700085304.0405595,0.02622286,0
1700085306.4489298,0.02392694,0
1700085311.1875932,0.9876666,1
1700085315.606299,0.12445845,0
1700085316.9830334,0.98924047,1
1700085317.646697,0.025189476,0
1700085318.6571076,0.02684666,0
1700085323.672299,0.03065868,0
1700085324.0021122,0.023219226,0
1700085325.0433326,0.9900619,1
1700085325.2476025,0.02582429,0
1700085326.5059412,0.023853786,0
1700085329.000401,0.03480113,0
1700085329.56063,0.026902553,0
1700085339.0435083,0.026081366,0
1700085339.302489,0.99035347,1
1700085341.056903,0.025010634,0
1700085342.7586362,0.025210585,0
1700085346.0663722,0.025569301,0
1700085346.5901878,0.02397934,0
1700085356.039432,0.025568029,0
1700085358.7442966,0.030778173,0
1700085361.8756533,0.02414485,0
1700085364.1397278,0.026049674,0
1700085365.51799,0.024176018,0
1700085367.943545,0.9905884,1
1700085369.103403,0.025129057,0
1700085369.1133575,0.099950865,0
1700085376.0027204,0.02606081,0
1700085379.9365318,0.026141327,0
1700085380.3054843,0.99025565,1
1700085382.0391047,0.8648773,1
1700085383.1874452,0.026263421,0
1700085383.4285052,0.026715554,0
1700085384.8026876,0.025956037,0
1700085388.7395542,0.02515127,0
1700085395.338845,0.98872745,1
1700085400.8428938,0.023651332,0
1700085401.5328183,0.03245344,0
1700085403.0955768,0.024871798,0
1700085404.035329,0.02572124,0
1700085405.2357256,0.9901703,1
1700085406.6752682,0.98978233,1
1700085409.0698068,0.9900586,1
1700085411.204955,0.02615223,0
1700085412.170474,0.029700844,0
1700085416.7797806,0.024959963,0
1700085418.2733448,0.025111808,0
1700085422.656272,0.07266412,0
1700085422.9058836,0.024237003,0
1700085425.1297524,0.025807519,0
1700085427.1194215,0.08886746,0
1700085427.5089211,0.02428335,0
1700085428.8349023,0.026014952,0
1700085431.1603122,0.025962196,0
1700085436.0496316,0.026288962,0
1700085439.3946266,0.024029503,0
1700085442.8156345,0.026260922,0
1700085444.3189902,0.025729712,0
1700085445.785565,0.02382862,0
1700085451.1702857,0.99027246,1
1700085455.0763986,0.02554024,0
1700085462.3458695,0.025094872,0
1700085466.9530718,0.025787247,0
1700085468.294096,0.025143877,0
1700085472.3410172,0.02604327,0
1700085475.8431518,0.025485711,0
1700085485.2046816,0.024491377,0
1700085485.5881898,0.02652619,0
1700085486.250184,0.02487044,0
1700085488.186588,0.023898087,0
1700085488.8658116,0.025056493,0
1700085489.9052484,0.025486823,0
1700085490.568227,0.99029225,1
1700085497.8155868,0.023822717,0
1700085501.8633244,0.99040365,1
1700085504.877487,0.56394035,1
1700085505.3914013,0.024092054,0
1700085507.822585,0.03540563,0
1700085508.1020026,0.02461874,0
1700085510.9132097,0.024676306,0
1700085511.1392748,0.026543558,0
1700085511.9682555,0.023483424,0
1700085513.0764065,0.023942515,0
1700085514.931556,0.025195677,0
1700085514.9613905,0.025418257,0
1700085517.8695762,0.024701083,0
1700085517.889252,0.051776238,0
1700085523.673746,0.0254712,0
1700085526.1629453,0.025849754,0
1700085531.4696314,0.024382794,0
1700085531.6971018,0.9901642,1
1700085533.8091865,0.023664853,0
1700085540.0615785,0.023323083,0
1700085543.779004,0.025500208,0
1700085545.4553835,0.024572412,0
1700085545.497393,0.023140075,0
1700085547.6597488,0.02339596,0
1700085548.368991,0.024665754,0
1700085548.5992124,0.026708098,0
1700085550.082591,0.033786938,0
1700085550.980323,0.9905529,1
1700085551.6778164,0.029225307,0
1700085555.4666228,0.023338573,0
1700085557.489019,0.022722732,0
1700085560.780448,0.05358069,0
1700085560.7939978,0.022841845,0
1700085562.7421107,0.02623713,0
1700085567.2565205,0.0240054,0
1700085568.797837,0.025132254,0
1700085570.5224297,0.02375836,0
1700085571.0774343,0.024433179,0
1700085576.0297887,0.024304338,0
1700085576.324843,0.027237916,0
1700085576.5905802,0.9900034,1
1700085576.8461378,0.028420731,0
1700085577.116197,0.9903965,1
1700085577.1357894,0.988887,1
1700085577.3331678,0.024796821,0
1700085579.0748484,0.024472788,0
1700085579.998608,0.023016963,0
1700085581.5241995,0.99028087,1
1700085588.956243,0.024121935,0
1700085591.414928,0.9900399,1
1700085591.9544396,0.026442753,0
1700085591.963233,0.025299074,0
1700085592.4985728,0.032929275,0
1700085592.557881,0.024903273,0
1700085592.6723197,0.024540842,0
1700085593.0485108,0.026053248,0
1700085594.4496615,0.029931027,0
1700085596.0272005,0.02566528,0
1700085596.053814,0.9902541,1
1700085596.9928486,0.028344298,0
1700085597.36296,0.17457084,0
1700085597.8396585,0.02582754,0
1700085602.2527635,0.069618516,0
1700085602.3159382,0.025206948,0
1700085604.5179884,0.024808742,0
1700085605.977648,0.026616212,0
1700085606.1222942,0.02403744,0
1700085609.706429,0.025424864,0
1700085609.8438003,0.023906555,0
1700085611.314658,0.025550725,0
1700085611.543839,0.025650695,0
1700085613.5652795,0.025270116,0
1700085614.2526991,0.024450324,0
1700085615.0439668,0.023832764,0
1700085619.1130164,0.024147114,0
1700085619.7140515,0.98963964,1
1700085622.972936,0.030478772,0
1700085624.456863,0.026659695,0
1700085624.9087956,0.9902863,1
1700085626.8844516,0.99046093,1
1700085630.749212,0.99031657,1
1700085633.9152973,0.02548178,0
1700085636.0333972,0.026960284,0
1700085639.7628477,0.026813481,0
1700085640.4166532,0.9901012,1
1700085642.8901772,0.026047558,0
1700085644.07315,0.02700892,0
1700085651.850279,0.99000776,1
1700085652.2188036,0.026166763,0
1700085653.005971,0.99033546,1
1700085653.257364,0.98897296,1
1700085654.9632802,0.99026334,1
1700085658.803553,0.99018985,1
1700085664.430385,0.024214242,0
1700085664.5015206,0.025649225,0
1700085671.2133448,0.026015447,0
1700085672.0471678,0.02352849,0
1700085676.049965,0.026817536,0
1700085678.044757,0.06414558,0
1700085679.9462097,0.025153913,0
1700085680.141214,0.070408456,0
1700085681.138286,0.05146961,0
1700085682.7548423,0.025257953,0
1700085683.1944585,0.024626004,0
1700085686.683488,0.02521884,0
1700085694.7294507,0.990256,1
1700085694.9923096,0.024936754,0
1700085695.7792215,0.024046417,0
1700085697.0542128,0.025076494,0
1700085697.7539282,0.024605248,0
1700085702.9629614,0.028452678,0
1700085704.2049632,0.9745653,1
1700085705.791669,0.9903826,1
1700085707.821934,0.025555499,0
1700085708.3118148,0.025524886,0
1700085711.084826,0.028846119,0
1700085715.1455424,0.027743503,0
1700085717.9492912,0.02490469,0
1700085720.7981777,0.025637347,0
1700085722.4821804,0.02707263,0
1700085722.5010111,0.028932335,0
1700085725.7589753,0.41651034,0
1700085729.0103197,0.03788648,0
1700085731.0385437,0.024144962,0
1700085731.500883,0.025418708,0
1700085735.489783,0.024847463,0
1700085735.6847212,0.024785565,0
1700085736.0933266,0.024482979,0
1700085738.9217725,0.9904925,1
1700085742.5151143,0.02573382,0
1700085744.4154303,0.99025995,1
1700085744.6561174,0.024625765,0
1700085746.6136763,0.02565188,0
1700085753.157401,0.025740486,0
1700085756.1753745,0.25297093,0
1700085756.3482084,0.025936363,0
1700085759.7377646,0.99041545,1
1700085764.1913452,0.02499535,0
1700085766.6727607,0.028414438,0
1700085767.9813128,0.027545338,0
1700085770.4491706,0.027007774,0
1700085770.949922,0.028542038,0
1700085771.3203566,0.99046785,1
1700085773.0926316,0.73893344,1
1700085774.920432,0.025630986,0
1700085775.2658603,0.9904274,1
1700085780.9235508,0.99052703,1
1700085784.268782,0.08464407,0
1700085789.8869054,0.025549248,0
1700085792.5193012,0.9902704,1
1700085793.1915212,0.02546212,0
1700085795.3308191,0.027553234,0
1700085795.7418213,0.026799953,0
1700085799.643757,0.024778482,0
1700085800.170224,0.024540702,0
1700085801.012132,0.024546672,0
1700085801.496935,0.029216124,0
1700085801.8962758,0.99046004,1
1700085803.8733418,0.9885815,1
1700085803.9130616,0.0356424,0
1700085806.1004148,0.9904779,1
1700085807.2098908,0.026804509,0
1700085815.0985017,0.025013367,0
1700085815.4938335,0.026526652,0
1700085820.2369015,0.98900115,1
1700085822.9212115,0.029472172,0
1700085825.208118,0.02529366,0
1700085826.8814442,0.027058467,0
1700085828.7487075,0.024743311,0
1700085829.288695,0.02540822,0
1700085829.3860235,0.024844132,0
1700085829.644105,0.98984385,1
1700085830.8214984,0.024711592,0
1700085832.302768,0.026391229,0
1700085835.2805128,0.024342775,0
1700085836.2707608,0.9905195,1
1700085838.101803,0.9903936,1
1700085845.5900202,0.025685268,0
1700085847.9026911,0.48249924,0
1700085849.8324354,0.9902818,1
1700085850.8782618,0.023947613,0
1700085852.1115825,0.99039865,1
1700085852.4845378,0.026738109,0
1700085853.8144965,0.023220021,0
1700085853.845147,0.9869148,1
1700085853.9571297,0.9903404,1
1700085857.042017,0.5700617,1
1700085858.0742395,0.023768537,0
1700085861.605106,0.026335478,0
1700085863.6902544,0.031172263,0
1700085865.535757,0.74569774,1
1700085865.774443,0.025816903,0
1700085868.094702,0.025483083,0
1700085870.8003469,0.0246829,0
1700085874.0578146,0.9902536,1
1700085875.7454534,0.025557304,0
1700085876.3584914,0.02520271,0
1700085876.6540098,0.025732877,0
1700085880.8688116,0.024552071,0
1700085887.3518078,0.9901854,1
1700085887.5277708,0.9903439,1
1700085888.3488178,0.025968138,0
1700085888.7651968,0.025286628,0
1700085889.7256284,0.026596311,0
1700085890.0822327,0.02337359,0
1700085894.396408,0.050671313,0
1700085894.672865,0.027939316,0
1700085895.2113614,0.028585143,0
1700085895.6681614,0.025778523,0
1700085895.689366,0.05748079,0
1700085896.5717022,0.990162,1
1700085898.5691986,0.9903258,1
1700085899.0785692,0.9901697,1
1700085900.4119678,0.034945168,0
1700085900.9121072,0.9902692,1
1700085900.9987628,0.025810255,0
1700085903.0698438,0.9901744,1
1700085910.9251826,0.02878724,0
1700085913.522074,0.026421776,0
1700085914.8343985,0.025615472,0
1700085915.2228203,0.02993746,0
1700085915.4503908,0.023760641,0
1700085916.213796,0.025237862,0
1700085916.3502307,0.029992104,0
1700085919.480252,0.025009697,0
1700085921.1699874,0.028135804,0
1700085923.159665,0.99024254,1
1700085924.5919137,0.032487866,0
1700085926.4014387,0.026942715,0
1700085927.329045,0.024715304,0
1700085930.6706443,0.99023867,1
1700085930.9762754,0.02840042,0
1700085932.1271098,0.024027742,0
1700085934.2464051,0.025095452,0
1700085936.5326834,0.99018633,1
1700085937.738084,0.025885431,0
1700085943.501455,0.027911013,0
1700085943.6710248,0.025861626,0
1700085944.1863136,0.027910016,0
1700085946.3008945,0.9902559,1
1700085951.5975423,0.030675542,0
1700085952.1703165,0.990177,1
1700085953.9482937,0.024576675,0
1700085956.1645153,0.02906659,0
1700085956.9500954,0.3895948,0
1700085959.135728,0.026048785,0
1700085962.90079,0.990203,1
1700085964.383026,0.99029845,1
1700085966.883394,0.024369624,0
1700085967.2040594,0.02897654,0
1700085968.7565904,0.028615786,0
1700085969.1597056,0.023856873,0
1700085973.5811162,0.02568111,0
1700085973.746806,0.99004817,1
1700085974.4296262,0.024480356,0
1700085975.9625566,0.022006141,0
1700085979.0454,0.025232606,0
1700085979.3252048,0.9900827,1
1700085982.9745674,0.031350024,0
1700085983.0504167,0.02301271,0
1700085986.1421735,0.024807826,0
1700085986.7230272,0.023357969,0
1700085987.7887108,0.026275514,0
1700085987.819297,0.037453372,0
1700085988.3590336,0.024055792,0
1700085989.1759431,0.025081042,0
1700085989.3905883,0.023603717,0
1700085990.3659923,0.031605147,0
1700085990.7726128,0.025054367,0
1700085997.6399882,0.048191465,0
1700086005.7651064,0.024925021,0
1700086009.0360126,0.025576781,0
1700086009.1633313,0.028522508,0
1700086010.5478008,0.98886245,1
1700086017.8116746,0.9902327,1
1700086018.2590835,0.029991515,0
1700086018.3522,0.03233452,0
1700086018.9398785,0.024336297,0
1700086019.291183,0.027692312,0
1700086020.3889227,0.9901546,1
1700086020.8147602,0.028451804,0
1700086022.6964798,0.026803035,0
1700086023.0271246,0.17028008,0
1700086023.539119,0.029491471,0
1700086023.6999314,0.025543414,0
1700086025.4169145,0.026759638,0
1700086026.0218124,0.9901995,1
1700086030.0829332,0.9902654,1
1700086030.6226015,0.02746436,0
1700086031.2130425,0.023995388,0
1700086032.3176556,0.11461625,0
1700086032.6435883,0.026336307,0
1700086032.8957753,0.025155662,0
1700086033.3344724,0.9901636,1
1700086034.7041082,0.9903217,1
1700086036.4922886,0.0279358,0
1700086036.653048,0.027280476,0
1700086037.466401,0.02508838,0
1700086037.8766706,0.9902828,1
1700086038.1918242,0.9902091,1
1700086038.3033085,0.9906013,1
1700086042.3111868,0.026300414,0
1700086044.9796982,0.025458394,0
1700086046.4205751,0.030983103,0
1700086047.9447112,0.026096849,0
1700086049.7016962,0.03130076,0
1700086051.081224,0.035977185,0
1700086053.8841507,0.02320684,0
1700086053.987775,0.98998535,1
1700086055.131837,0.023797309,0
1700086056.2103908,0.023543987,0
1700086056.6573408,0.026139772,0
1700086058.5613544,0.030970749,0
1700086059.0537834,0.99022335,1
1700086059.0563731,0.029309627,0
1700086061.4248197,0.024719441,0
1700086062.2607448,0.024532534,0
1700086064.116028,0.99012065,1
1700086064.489933,0.027644392,0
1700086065.389731,0.99028695,1
1700086065.433915,0.023469986,0
1700086067.3159037,0.024534466,0
1700086074.121088,0.03190666,0
1700086074.1867774,0.030244838,0
1700086074.187142,0.024404574,0
1700086075.2013474,0.025299707,0
1700086075.7147017,0.9903052,1
1700086077.3398254,0.029920984,0
1700086078.605403,0.023402654,0
1700086080.2640338,0.025954712,0
1700086084.2213163,0.027504407,0
1700086088.440651,0.0417756,0
1700086090.1563456,0.024931652,0
1700086092.0501404,0.031342056,0
1700086095.0894444,0.025094502,0
1700086095.919784,0.9903319,1
1700086101.9825354,0.026819665,0
1700086102.528874,0.025695276,0
1700086103.227007,0.024007848,0
1700086103.355934,0.6850552,1
1700086109.2461858,0.02642235,0
1700086112.816244,0.02465137,0
1700086112.9746287,0.025900688,0
1700086113.2884004,0.46656787,0
1700086115.5326374,0.035950057,0
1700086116.147303,0.9904653,1
1700086121.4154058,0.9883109,1
1700086123.1387088,0.025672004,0
1700086123.5959072,0.02533677,0
1700086124.0257506,0.025544768,0
1700086125.1498928,0.024980808,0
1700086126.0024996,0.025626414,0
1700086128.2290652,0.023750274,0
1700086130.1514468,0.025045825,0
1700086131.4676228,0.029474197,0
1700086136.024647,0.027131775,0
1700086137.9483962,0.25953823,0
1700086139.7497628,0.02297008,0
1700086141.5020366,0.024050657,0
1700086141.7085867,0.024279304,0
1700086142.2593043,0.030801293,0
1700086143.7451136,0.025300981,0
1700086144.2202995,0.02434868,0
1700086145.8994997,0.026380353,0
1700086146.2661457,0.03047376,0
1700086148.170091,0.9902824,1
1700086151.9192924,0.99022573,1
1700086152.3697166,0.98961186,1
1700086155.9378035,0.027421402,0
1700086156.1747696,0.026338521,0
1700086156.9882767,0.98994714,1
1700086158.461939,0.023313424,0
1700086162.0555706,0.024284028,0
1700086165.686225,0.028298859,0
1700086166.0938127,0.026072634,0
1700086166.1269865,0.026815135,0
1700086168.8156712,0.73391193,1
1700086170.0361907,0.025100503,0
1700086170.4942236,0.026740506,0
1700086172.908224,0.2627117,0
1700086173.5774949,0.02348907,0
1700086175.7080646,0.98989046,1
1700086176.165399,0.037520986,0
1700086176.7736368,0.025695466,0
1700086181.3232236,0.025363969,0
1700086182.6514838,0.024606155,0
1700086183.3508782,0.024420187,0
1700086183.9513805,0.99036974,1
1700086192.2154286,0.024425913,0
1700086192.4816575,0.023967834,0
1700086195.229388,0.026345175,0
1700086197.275172,0.026713416,0
1700086197.8313346,0.031454153,0
1700086199.4382863,0.026006019,0
1700086201.2790918,0.027077178,0
1700086201.7024703,0.9902625,1
1700086201.7744927,0.024961853,0
1700086205.4936676,0.026585814,0
1700086206.0672705,0.02330657,0
1700086208.7793157,0.059924178,0
1700086210.827403,0.025634903,0
1700086215.1464632,0.990263,1
1700086216.1665888,0.4671635,0
1700086217.3773978,0.026332177,0
1700086221.5923903,0.025073765,0
1700086222.163282,0.025483828,0
1700086222.1996748,0.02673983,0
1700086222.2763746,0.02747198,0
1700086223.9197884,0.02558383,0
1700086225.0821688,0.990489,1
1700086226.3010774,0.07882223,0
1700086232.0195093,0.025885107,0
1700086233.2786005,0.08618998,0
1700086234.2818108,0.038084224,0
1700086238.5038204,0.02591618,0
1700086240.505932,0.02902676,0
1700086240.5994864,0.0973089,0
1700086241.7888658,0.025629874,0
1700086243.0819423,0.025011934,0
1700086245.0869234,0.02693289,0
1700086245.8979728,0.027471326,0
1700086248.1040735,0.024995252,0
1700086248.6906464,0.02636126,0
1700086249.0161986,0.026249811,0
1700086250.3630016,0.025298413,0
1700086254.0284295,0.026443558,0
1700086254.590731,0.025253667,0
1700086255.511427,0.025295958,0
1700086256.1695328,0.027874075,0
1700086256.7104893,0.99047583,1
1700086260.339492,0.024985436,0
1700086262.172794,0.025796235,0
1700086262.481179,0.029167475,0
1700086263.182513,0.02624156,0
1700086263.451847,0.027638,0
1700086264.3904943,0.99028367,1
1700086266.9408803,0.024434382,0
1700086268.2807477,0.02510566,0
1700086269.6215954,0.067846246,0
1700086270.7181485,0.025069581,0
1700086272.0484018,0.043942545,0
1700086273.0438068,0.990449,1
1700086273.2484195,0.024815002,0
1700086273.3923998,0.02608984,0
1700086274.2304544,0.9904783,1
1700086275.2046528,0.02646885,0
1700086280.625462,0.07003882,0
1700086282.6430943,0.02548471,0
1700086282.9666507,0.02620399,0
1700086288.0382574,0.1724513,0
1700086288.0888302,0.9901884,1
1700086291.6650577,0.9898663,1
1700086292.0063455,0.027792543,0
1700086292.2358878,0.025891274,0
1700086292.711282,0.026822925,0
1700086292.9499416,0.032739058,0
1700086292.9526258,0.024752313,0
1700086293.8676343,0.99021006,1
1700086297.3193226,0.10645541,0
1700086300.166713,0.024928046,0
1700086300.8926258,0.026869033,0
1700086301.1489766,0.16715343,0
1700086303.0814276,0.990176,1
1700086304.779812,0.9903482,1
1700086306.3544014,0.02534361,0
1700086308.4121048,0.9901281,1
1700086312.8882134,0.025084395,0
1700086314.15303,0.025798835,0
1700086314.5010734,0.990186,1
1700086317.8918264,0.025019828,0
1700086317.893268,0.024554426,0
1700086317.8986378,0.023807064,0
1700086318.2298453,0.025440855,0
1700086321.3456268,0.027213864,0
1700086321.89809,0.025792638,0
1700086323.1472187,0.023653299,0
1700086323.9578855,0.026531773,0
1700086324.5315862,0.025145905,0
1700086326.9959793,0.024538502,0
1700086328.8199625,0.02532372,0
1700086330.790377,0.025218355,0
1700086332.211362,0.026463049,0
1700086333.431683,0.6265168,1
1700086337.8866224,0.06147555,0
1700086338.972518,0.0255058,0
1700086339.0662444,0.9898672,1
1700086341.490425,0.025736444,0
1700086341.6731195,0.02411569,0
1700086346.468719,0.10864979,0
1700086347.8651826,0.025913725,0
1700086348.2078593,0.026181385,0
1700086348.5065942,0.024726996,0
1700086349.108421,0.10986777,0
1700086349.857377,0.02845087,0
1700086350.0711195,0.9902462,1
1700086351.5443442,0.024788246,0
1700086352.810307,0.025419416,0
1700086355.6345208,0.02548557,0
1700086356.402444,0.028185938,0
1700086363.9746006,0.026221955,0
1700086364.4662406,0.025654033,0
1700086369.1937578,0.025136521,0
1700086370.3850627,0.99023753,1
1700086370.4408145,0.9903832,1
1700086370.8610218,0.03221348,0
1700086371.5474951,0.025616711,0
1700086375.7450864,0.026371945,0
1700086376.4055529,0.025806474,0
1700086377.01412,0.0580261,0
1700086380.6235878,0.024670407,0
1700086382.3813102,0.025171123,0
1700086382.5744157,0.027370485,0
